{"cameraMode":{"drawMode":0,"name":"Shaded","section":"Shading Mode"},"sceneLighting":true,"audioPlay":false,"sceneViewState":{"showFog":true,"showMaterialUpdate":false,"showSkybox":true,"showFlares":true,"showImageEffects":true,"showParticleSystems":true},"in2DMode":false,"pivot":{"x":-3.914625883102417,"y":1.3010292053222657,"z":-18.065324783325197},"rotation":{"x":-0.5930584073066711,"y":-0.001990389544516802,"z":0.0013442151248455048,"w":-0.8052264451980591},"size":31.255138397216798,"orthographic":false}