{"cameraMode":{"drawMode":0,"name":"Shaded","section":"Shading Mode"},"sceneLighting":false,"audioPlay":false,"sceneViewState":{"showFog":true,"showMaterialUpdate":false,"showSkybox":false,"showFlares":true,"showImageEffects":true,"showParticleSystems":true},"in2DMode":false,"pivot":{"x":-0.008319973945617676,"y":0.9327946305274963,"z":-0.13038739562034608},"rotation":{"x":-0.20511414110660554,"y":-0.08152329176664353,"z":0.01714836247265339,"w":-0.9751954674720764},"size":4.451907157897949,"orthographic":false}