{"cameraMode":{"drawMode":0,"name":"Shaded","section":"Shading Mode"},"sceneLighting":true,"audioPlay":false,"sceneViewState":{"showFog":true,"showMaterialUpdate":true,"showSkybox":true,"showFlares":true,"showImageEffects":true,"showParticleSystems":true},"in2DMode":false,"pivot":{"x":-98.491943359375,"y":17.11019515991211,"z":-0.20714187622070313},"rotation":{"x":0.552519679069519,"y":0.012382201850414276,"z":-0.008018169552087784,"w":0.8336262702941895},"size":58.89143371582031,"orthographic":false}