{"cameraMode":{"drawMode":0,"name":"Shaded","section":"Shading Mode"},"sceneLighting":true,"audioPlay":false,"sceneViewState":{"showFog":true,"showMaterialUpdate":true,"showSkybox":true,"showFlares":true,"showImageEffects":true,"showParticleSystems":true},"in2DMode":false,"pivot":{"x":0.9997169971466065,"y":0.5194549560546875,"z":-13.43079948425293},"rotation":{"x":0.4728446304798126,"y":0.010820864699780941,"z":-0.0028472819831222297,"w":0.8815174102783203},"size":29.57475471496582,"orthographic":false}