{"cameraMode":{"drawMode":0,"name":"Shaded","section":"Shading Mode"},"sceneLighting":true,"audioPlay":false,"sceneViewState":{"showFog":true,"showMaterialUpdate":true,"showSkybox":true,"showFlares":true,"showImageEffects":true,"showParticleSystems":true},"in2DMode":false,"pivot":{"x":808.5330810546875,"y":754.48388671875,"z":-757.885009765625},"rotation":{"x":-0.10227332264184952,"y":-0.03235292434692383,"z":-0.0009161704801954329,"w":-0.9947983622550964},"size":77.08594512939453,"orthographic":false}