{"cameraMode":{"drawMode":0,"name":"Shaded","section":"Shading Mode"},"sceneLighting":false,"audioPlay":false,"sceneViewState":{"showFog":true,"showMaterialUpdate":false,"showSkybox":false,"showFlares":true,"showImageEffects":true,"showParticleSystems":true},"in2DMode":false,"pivot":{"x":-0.031662166118621829,"y":1.0181951522827149,"z":-0.01010558009147644},"rotation":{"x":0.16513477265834809,"y":-0.7546694874763489,"z":0.20803911983966828,"w":0.6001057028770447},"size":8.467338562011719,"orthographic":false}