{"cameraMode":{"drawMode":0,"name":"Shaded","section":"Shading Mode"},"sceneLighting":true,"audioPlay":false,"sceneViewState":{"showFog":true,"showMaterialUpdate":true,"showSkybox":true,"showFlares":true,"showImageEffects":true,"showParticleSystems":true},"in2DMode":false,"pivot":{"x":-5.194016456604004,"y":-9.831656455993653,"z":7.506043434143066},"rotation":{"x":-0.41100624203681948,"y":-0.014284482225775719,"z":0.0025298676919192077,"w":-0.9121060967445374},"size":28.39969825744629,"orthographic":false}