{"cameraMode":{"drawMode":0,"name":"Shaded","section":"Shading Mode"},"sceneLighting":true,"audioPlay":false,"sceneViewState":{"showFog":true,"showMaterialUpdate":true,"showSkybox":true,"showFlares":true,"showImageEffects":true,"showParticleSystems":true},"in2DMode":false,"pivot":{"x":-8.451904296875,"y":2.435314178466797,"z":10.540724754333496},"rotation":{"x":-0.7038457989692688,"y":0.0023349146358668806,"z":-0.007520771119743586,"w":-0.7110775709152222},"size":48.883583068847659,"orthographic":false}