{"cameraMode":{"drawMode":0,"name":"Shaded","section":"Shading Mode"},"sceneLighting":true,"audioPlay":false,"sceneViewState":{"showFog":true,"showMaterialUpdate":true,"showSkybox":true,"showFlares":true,"showImageEffects":true,"showParticleSystems":true},"in2DMode":false,"pivot":{"x":-10.661152839660645,"y":1.9735832214355469,"z":-20.868492126464845},"rotation":{"x":0.009166532196104527,"y":-0.05209170654416084,"z":0.0031236615031957628,"w":0.9989883899688721},"size":7.130575656890869,"orthographic":false}