{"cameraMode":{"drawMode":0,"name":"Shaded","section":"Shading Mode"},"sceneLighting":true,"audioPlay":false,"sceneViewState":{"showFog":true,"showMaterialUpdate":true,"showSkybox":true,"showFlares":true,"showImageEffects":true,"showParticleSystems":true},"in2DMode":false,"pivot":{"x":0.3235305845737457,"y":23.359325408935548,"z":-0.559720516204834},"rotation":{"x":0.6885532140731812,"y":0.005363248288631439,"z":-0.004880375694483519,"w":0.725445568561554},"size":63.905914306640628,"orthographic":false}