{"cameraMode":{"drawMode":0,"name":"Shaded","section":"Shading Mode"},"sceneLighting":true,"audioPlay":false,"sceneViewState":{"showFog":true,"showMaterialUpdate":false,"showSkybox":true,"showFlares":true,"showImageEffects":true,"showParticleSystems":true},"in2DMode":false,"pivot":{"x":1.0882210731506348,"y":-1.1679611206054688,"z":-6.116188049316406},"rotation":{"x":0.6305708885192871,"y":0.0312594510614872,"z":-0.025362864136695863,"w":0.7753000259399414},"size":59.31389617919922,"orthographic":false}