{"cameraMode":{"drawMode":0,"name":"Shaded","section":"Shading Mode"},"sceneLighting":true,"audioPlay":false,"sceneViewState":{"showFog":true,"showMaterialUpdate":true,"showSkybox":true,"showFlares":true,"showImageEffects":true,"showParticleSystems":true},"in2DMode":false,"pivot":{"x":-7.667159080505371,"y":8.957345962524414,"z":-15.25567626953125},"rotation":{"x":0.7016446590423584,"y":0.003313555149361491,"z":0.000666202453430742,"w":0.7130732536315918},"size":8.555634498596192,"orthographic":false}