{"cameraMode":{"drawMode":0,"name":"Shaded","section":"Shading Mode"},"sceneLighting":true,"audioPlay":false,"sceneViewState":{"showFog":true,"showMaterialUpdate":true,"showSkybox":true,"showFlares":true,"showImageEffects":true,"showParticleSystems":true},"in2DMode":false,"pivot":{"x":135.1976318359375,"y":59.62220764160156,"z":13.14691162109375},"rotation":{"x":-0.10215329378843308,"y":0.009704234078526497,"z":-0.002060351660475135,"w":-0.9950653314590454},"size":363.2896728515625,"orthographic":false}