{"cameraMode":{"drawMode":0,"name":"Shaded","section":"Shading Mode"},"sceneLighting":true,"audioPlay":false,"sceneViewState":{"showFog":true,"showMaterialUpdate":true,"showSkybox":true,"showFlares":true,"showImageEffects":true,"showParticleSystems":true},"in2DMode":false,"pivot":{"x":-3.1749792098999025,"y":1.2533061504364014,"z":-4.927780628204346},"rotation":{"x":0.16089262068271638,"y":-0.3528484106063843,"z":0.06503478437662125,"w":0.9199578762054443},"size":1.777247428894043,"orthographic":false}