{"cameraMode":{"drawMode":0,"name":"Shaded","section":"Shading Mode"},"sceneLighting":true,"audioPlay":false,"sceneViewState":{"showFog":true,"showMaterialUpdate":true,"showSkybox":true,"showFlares":true,"showImageEffects":true,"showParticleSystems":true},"in2DMode":false,"pivot":{"x":-2.9916622638702394,"y":1.2181951999664307,"z":-5.291304588317871},"rotation":{"x":0.19850707054138184,"y":0.13879725337028504,"z":-0.024962469935417177,"w":0.9703506827354431},"size":5.894623756408691,"orthographic":false}