{"cameraMode":{"drawMode":0,"name":"Shaded","section":"Shading Mode"},"sceneLighting":true,"audioPlay":false,"sceneViewState":{"showFog":true,"showMaterialUpdate":true,"showSkybox":true,"showFlares":true,"showImageEffects":true,"showParticleSystems":true},"in2DMode":false,"pivot":{"x":11.298770904541016,"y":8.35601806640625,"z":-22.977996826171876},"rotation":{"x":0.6993786096572876,"y":-0.00447437958791852,"z":0.004376585129648447,"w":0.7150598168373108},"size":74.96402740478516,"orthographic":false}