{"cameraMode":{"drawMode":0,"name":"Shaded","section":"Shading Mode"},"sceneLighting":true,"audioPlay":false,"sceneViewState":{"showFog":true,"showMaterialUpdate":true,"showSkybox":true,"showFlares":true,"showImageEffects":true,"showParticleSystems":true},"in2DMode":false,"pivot":{"x":0.03204751014709473,"y":-5.686668395996094,"z":6.038845062255859},"rotation":{"x":-0.5944572687149048,"y":-0.005633742548525333,"z":0.0015919506549835206,"w":-0.8045759201049805},"size":121.28240203857422,"orthographic":false}