{"cameraMode":{"drawMode":0,"name":"Shaded","section":"Shading Mode"},"sceneLighting":true,"audioPlay":false,"sceneViewState":{"showFog":true,"showMaterialUpdate":true,"showSkybox":true,"showFlares":true,"showImageEffects":true,"showParticleSystems":true},"in2DMode":false,"pivot":{"x":-3.25553297996521,"y":5.019680023193359,"z":-5.719732761383057},"rotation":{"x":-0.005464769434183836,"y":0.7109366059303284,"z":-0.7037858366966248,"w":-0.00948228407651186},"size":49.261898040771487,"orthographic":false}