{"cameraMode":{"drawMode":0,"name":"Shaded","section":"Shading Mode"},"sceneLighting":false,"audioPlay":false,"sceneViewState":{"showFog":true,"showMaterialUpdate":true,"showSkybox":false,"showFlares":true,"showImageEffects":true,"showParticleSystems":true},"in2DMode":false,"pivot":{"x":-8.157238006591797,"y":9.054548263549805,"z":22.681806564331056},"rotation":{"x":0.6519743204116821,"y":0.006614648271352053,"z":-0.002109597669914365,"w":0.7587844729423523},"size":14.229429244995118,"orthographic":false}