{"cameraMode":{"drawMode":0,"name":"Shaded","section":"Shading Mode"},"sceneLighting":true,"audioPlay":false,"sceneViewState":{"showFog":true,"showMaterialUpdate":true,"showSkybox":true,"showFlares":true,"showImageEffects":true,"showParticleSystems":true},"in2DMode":false,"pivot":{"x":-3.502938985824585,"y":3.0892715454101564,"z":2.071253776550293},"rotation":{"x":0.7160835862159729,"y":0.026194587349891664,"z":-0.023184113204479219,"w":0.6976969838142395},"size":63.78513717651367,"orthographic":false}