{"cameraMode":{"drawMode":0,"name":"Shaded","section":"Shading Mode"},"sceneLighting":true,"audioPlay":false,"sceneViewState":{"showFog":true,"showMaterialUpdate":true,"showSkybox":true,"showFlares":true,"showImageEffects":true,"showParticleSystems":true},"in2DMode":false,"pivot":{"x":2.181042194366455,"y":4.476634979248047,"z":-17.33993911743164},"rotation":{"x":-0.5613619089126587,"y":-0.007302726618945599,"z":0.003737912978976965,"w":-0.8279458284378052},"size":32.274654388427737,"orthographic":false}