{"cameraMode":{"drawMode":0,"name":"Shaded","section":"Shading Mode"},"sceneLighting":true,"audioPlay":false,"sceneViewState":{"showFog":true,"showMaterialUpdate":true,"showSkybox":true,"showFlares":true,"showImageEffects":true,"showParticleSystems":true},"in2DMode":false,"pivot":{"x":419.4917907714844,"y":236.392822265625,"z":6.98590087890625},"rotation":{"x":0.05733610689640045,"y":0.012536427937448025,"z":0.002102449769154191,"w":0.9986699819564819},"size":671.457763671875,"orthographic":false}