{"cameraMode":{"drawMode":0,"name":"Shaded","section":"Shading Mode"},"sceneLighting":true,"audioPlay":false,"sceneViewState":{"showFog":true,"showMaterialUpdate":true,"showSkybox":true,"showFlares":true,"showImageEffects":true,"showParticleSystems":true},"in2DMode":false,"pivot":{"x":-11.927387237548829,"y":-1.3408966064453126,"z":13.694032669067383},"rotation":{"x":-0.4528151750564575,"y":-0.031561922281980517,"z":0.011982225812971592,"w":-0.8915740847587586},"size":29.382429122924806,"orthographic":false}