{"cameraMode":{"drawMode":0,"name":"Shaded","section":"Shading Mode"},"sceneLighting":true,"audioPlay":false,"sceneViewState":{"showFog":true,"showMaterialUpdate":true,"showSkybox":true,"showFlares":true,"showImageEffects":true,"showParticleSystems":true},"in2DMode":false,"pivot":{"x":-10.30291748046875,"y":2.471424102783203,"z":-5.287492752075195},"rotation":{"x":0.6906542778015137,"y":-0.014218407683074475,"z":0.0171485785394907,"w":0.723384439945221},"size":56.57163619995117,"orthographic":false}