{"cameraMode":{"drawMode":0,"name":"Shaded","section":"Shading Mode"},"sceneLighting":true,"audioPlay":false,"sceneViewState":{"showFog":true,"showMaterialUpdate":false,"showSkybox":true,"showFlares":true,"showImageEffects":true,"showParticleSystems":true},"in2DMode":false,"pivot":{"x":-27.567655563354493,"y":2.526144027709961,"z":23.776514053344728},"rotation":{"x":-0.5151723623275757,"y":0.0025688062887638809,"z":-0.001544403494335711,"w":-0.8570840358734131},"size":22.979970932006837,"orthographic":false}