{"cameraMode":{"drawMode":0,"name":"Shaded","section":"Shading Mode"},"sceneLighting":false,"audioPlay":false,"sceneViewState":{"showFog":true,"showMaterialUpdate":false,"showSkybox":false,"showFlares":true,"showImageEffects":true,"showParticleSystems":true},"in2DMode":false,"pivot":{"x":-0.12980468571186067,"y":0.7958590984344482,"z":-0.19500160217285157},"rotation":{"x":-0.48784497380256655,"y":0.04369688406586647,"z":-0.02446078695356846,"w":-0.8715144991874695},"size":4.2353434562683109,"orthographic":false}