{"cameraMode":{"drawMode":0,"name":"Shaded","section":"Shading Mode"},"sceneLighting":true,"audioPlay":false,"sceneViewState":{"showFog":true,"showMaterialUpdate":false,"showSkybox":true,"showFlares":true,"showImageEffects":true,"showParticleSystems":true},"in2DMode":false,"pivot":{"x":-0.0860629677772522,"y":1.8258161544799805,"z":-25.6763916015625},"rotation":{"x":-0.5027771592140198,"y":0.005701902322471142,"z":-0.0033189328387379648,"w":-0.8644120097160339},"size":13.075239181518555,"orthographic":false}