{"cameraMode":{"drawMode":0,"name":"Shaded","section":"Shading Mode"},"sceneLighting":true,"audioPlay":false,"sceneViewState":{"showFog":true,"showMaterialUpdate":false,"showSkybox":true,"showFlares":true,"showImageEffects":true,"showParticleSystems":true},"in2DMode":false,"pivot":{"x":0.32604485750198367,"y":1.047343373298645,"z":0.009880781173706055},"rotation":{"x":-0.20805871486663819,"y":-0.035485751926898959,"z":0.007680256851017475,"w":-0.9775108695030212},"size":2.6849262714385988,"orthographic":false}