{"cameraMode":{"drawMode":0,"name":"Shaded","section":"Shading Mode"},"sceneLighting":false,"audioPlay":false,"sceneViewState":{"showFog":true,"showMaterialUpdate":true,"showSkybox":false,"showFlares":true,"showImageEffects":true,"showParticleSystems":true},"in2DMode":false,"pivot":{"x":-0.03700000047683716,"y":-0.06999999284744263,"z":0.5899999737739563},"rotation":{"x":0.5424602031707764,"y":0.015845512971282007,"z":-0.010352407582104206,"w":0.8401781916618347},"size":39.67243957519531,"orthographic":false}