{"cameraMode":{"drawMode":0,"name":"Shaded","section":"Shading Mode"},"sceneLighting":false,"audioPlay":false,"sceneViewState":{"showFog":true,"showMaterialUpdate":true,"showSkybox":false,"showFlares":true,"showImageEffects":true,"showParticleSystems":true},"in2DMode":false,"pivot":{"x":254.3770751953125,"y":199.37240600585938,"z":-27.831295013427736},"rotation":{"x":-0.2920340597629547,"y":0.3403356969356537,"z":-0.11261161416769028,"w":-0.8867985606193543},"size":56.0711555480957,"orthographic":false}