{"cameraMode":{"drawMode":0,"name":"Shaded","section":"Shading Mode"},"sceneLighting":true,"audioPlay":false,"sceneViewState":{"showFog":true,"showMaterialUpdate":true,"showSkybox":true,"showFlares":true,"showImageEffects":true,"showParticleSystems":true},"in2DMode":false,"pivot":{"x":996.2009887695313,"y":251.633544921875,"z":0.0},"rotation":{"x":0.03030742146074772,"y":0.001176829682663083,"z":-0.000020951254555257037,"w":0.9996269345283508},"size":524.4298706054688,"orthographic":false}