{"cameraMode":{"drawMode":0,"name":"Shaded","section":"Shading Mode"},"sceneLighting":false,"audioPlay":false,"sceneViewState":{"showFog":true,"showMaterialUpdate":true,"showSkybox":false,"showFlares":true,"showImageEffects":true,"showParticleSystems":true},"in2DMode":false,"pivot":{"x":545.70751953125,"y":280.51544189453127,"z":-11.722747802734375},"rotation":{"x":0.054279424250125888,"y":0.12611091136932374,"z":-0.0014323528157547117,"w":0.9913190007209778},"size":289.9887390136719,"orthographic":false}