{"cameraMode":{"drawMode":0,"name":"Shaded","section":"Shading Mode"},"sceneLighting":true,"audioPlay":false,"sceneViewState":{"showFog":true,"showMaterialUpdate":true,"showSkybox":true,"showFlares":true,"showImageEffects":true,"showParticleSystems":true},"in2DMode":false,"pivot":{"x":313.5470886230469,"y":166.83248901367188,"z":-23.854400634765626},"rotation":{"x":-0.0033094200771301986,"y":-0.0039027263410389425,"z":0.000011071668268414214,"w":-0.9999987483024597},"size":384.33380126953127,"orthographic":false}