{"cameraMode":{"drawMode":0,"name":"Shaded","section":"Shading Mode"},"sceneLighting":true,"audioPlay":false,"sceneViewState":{"showFog":true,"showMaterialUpdate":true,"showSkybox":true,"showFlares":true,"showImageEffects":true,"showParticleSystems":true},"in2DMode":false,"pivot":{"x":-10.954901695251465,"y":2.5386428833007814,"z":4.264802932739258},"rotation":{"x":0.5686107277870178,"y":-0.004944103304296732,"z":0.003407876007258892,"w":0.8226158022880554},"size":20.394859313964845,"orthographic":false}