{"cameraMode":{"drawMode":0,"name":"Shaded","section":"Shading Mode"},"sceneLighting":false,"audioPlay":false,"sceneViewState":{"showFog":true,"showMaterialUpdate":true,"showSkybox":false,"showFlares":true,"showImageEffects":true,"showParticleSystems":true},"in2DMode":false,"pivot":{"x":-1.6035218238830567,"y":-9.514871597290039,"z":-3.681226968765259},"rotation":{"x":-0.2999612092971802,"y":-0.05743010342121124,"z":0.01420468371361494,"w":-0.9526898860931397},"size":6.6508564949035648,"orthographic":false}