{"cameraMode":{"drawMode":0,"name":"Shaded","section":"Shading Mode"},"sceneLighting":false,"audioPlay":false,"sceneViewState":{"showFog":true,"showMaterialUpdate":true,"showSkybox":false,"showFlares":true,"showImageEffects":true,"showParticleSystems":true},"in2DMode":false,"pivot":{"x":440.17999267578127,"y":283.4630432128906,"z":-795.912841796875},"rotation":{"x":-0.18211565911769868,"y":-0.0029278225265443327,"z":-0.0066862208768725399,"w":-0.9839063286781311},"size":88.35074615478516,"orthographic":false}