{"cameraMode":{"drawMode":0,"name":"Shaded","section":"Shading Mode"},"sceneLighting":false,"audioPlay":false,"sceneViewState":{"showFog":true,"showMaterialUpdate":true,"showSkybox":false,"showFlares":true,"showImageEffects":true,"showParticleSystems":true},"in2DMode":false,"pivot":{"x":-0.0000017881393432617188,"y":-9.119402885437012,"z":-0.12815654277801515},"rotation":{"x":-0.18266911804676057,"y":-0.5785452723503113,"z":0.1259632706642151,"w":-0.7857108116149902},"size":8.898618698120118,"orthographic":false}