{"cameraMode":{"drawMode":0,"name":"Shaded","section":"Shading Mode"},"sceneLighting":false,"audioPlay":false,"sceneViewState":{"showFog":true,"showMaterialUpdate":false,"showSkybox":false,"showFlares":true,"showImageEffects":true,"showParticleSystems":true},"in2DMode":false,"pivot":{"x":0.003016054630279541,"y":0.9062737226486206,"z":-0.014857515692710877},"rotation":{"x":0.7256395816802979,"y":0.0006749185267835856,"z":-0.0006584493676200509,"w":0.6882859468460083},"size":4.2353434562683109,"orthographic":false}