{"cameraMode":{"drawMode":0,"name":"Shaded","section":"Shading Mode"},"sceneLighting":false,"audioPlay":false,"sceneViewState":{"showFog":true,"showMaterialUpdate":true,"showSkybox":false,"showFlares":true,"showImageEffects":true,"showParticleSystems":true},"in2DMode":false,"pivot":{"x":-12.404862403869629,"y":0.12967172265052796,"z":4.76837158203125e-7},"rotation":{"x":0.514024019241333,"y":-0.03344500809907913,"z":0.020052412524819375,"w":0.8569175601005554},"size":2.107408285140991,"orthographic":false}