{"cameraMode":{"drawMode":0,"name":"Shaded","section":"Shading Mode"},"sceneLighting":false,"audioPlay":false,"sceneViewState":{"showFog":true,"showMaterialUpdate":true,"showSkybox":false,"showFlares":true,"showImageEffects":true,"showParticleSystems":true},"in2DMode":false,"pivot":{"x":-0.055553384125232699,"y":0.09722694754600525,"z":-0.13307708501815797},"rotation":{"x":0.07681085169315338,"y":-0.41679418087005618,"z":0.04112054780125618,"w":0.9056803584098816},"size":1.2452739477157593,"orthographic":false}