{"cameraMode":{"drawMode":0,"name":"Shaded","section":"Shading Mode"},"sceneLighting":true,"audioPlay":false,"sceneViewState":{"showFog":true,"showMaterialUpdate":true,"showSkybox":true,"showFlares":true,"showImageEffects":true,"showParticleSystems":true},"in2DMode":false,"pivot":{"x":-26.675884246826173,"y":2.226132392883301,"z":-22.38473892211914},"rotation":{"x":-0.5549689531326294,"y":-0.005673645995557308,"z":0.00009251250594388694,"w":-0.8329522609710693},"size":29.090503692626954,"orthographic":false}