{"cameraMode":{"drawMode":0,"name":"Shaded","section":"Shading Mode"},"sceneLighting":false,"audioPlay":false,"sceneViewState":{"showFog":true,"showMaterialUpdate":true,"showSkybox":false,"showFlares":true,"showImageEffects":true,"showParticleSystems":true},"in2DMode":false,"pivot":{"x":0.8703425526618958,"y":-9.39474105834961,"z":-4.006654262542725},"rotation":{"x":-0.2844832241535187,"y":-0.20257122814655305,"z":0.05762467905879021,"w":-0.9358474016189575},"size":6.6508564949035648,"orthographic":false}