{"cameraMode":{"drawMode":0,"name":"Shaded","section":"Shading Mode"},"sceneLighting":true,"audioPlay":false,"sceneViewState":{"showFog":true,"showMaterialUpdate":true,"showSkybox":true,"showFlares":true,"showImageEffects":true,"showParticleSystems":true},"in2DMode":false,"pivot":{"x":-8051.13720703125,"y":-1381.74560546875,"z":-90.16424560546875},"rotation":{"x":-0.30154183506965639,"y":-0.002370183588936925,"z":-0.004862209316343069,"w":-0.9544252753257752},"size":264.4156799316406,"orthographic":false}