{"cameraMode":{"drawMode":0,"name":"Shaded","section":"Shading Mode"},"sceneLighting":true,"audioPlay":false,"sceneViewState":{"showFog":true,"showMaterialUpdate":true,"showSkybox":false,"showFlares":true,"showImageEffects":true,"showParticleSystems":true},"in2DMode":false,"pivot":{"x":17.18377113342285,"y":1.1847856044769288,"z":4.271703720092773},"rotation":{"x":0.35112833976745608,"y":-0.01264405157417059,"z":0.004742155782878399,"w":0.9362317323684692},"size":10.538843154907227,"orthographic":false}