{"cameraMode":{"drawMode":0,"name":"Shaded","section":"Shading Mode"},"sceneLighting":true,"audioPlay":false,"sceneViewState":{"showFog":true,"showMaterialUpdate":true,"showSkybox":true,"showFlares":true,"showImageEffects":true,"showParticleSystems":true},"in2DMode":false,"pivot":{"x":0.5724852085113525,"y":-0.608405590057373,"z":-4.914734363555908},"rotation":{"x":-0.38818034529685976,"y":-0.16278839111328126,"z":0.06949128955602646,"w":-0.9045572876930237},"size":11.080181121826172,"orthographic":false}