{"cameraMode":{"drawMode":0,"name":"Shaded","section":"Shading Mode"},"sceneLighting":false,"audioPlay":false,"sceneViewState":{"showFog":true,"showMaterialUpdate":true,"showSkybox":false,"showFlares":true,"showImageEffects":true,"showParticleSystems":true},"in2DMode":false,"pivot":{"x":436.7699890136719,"y":269.44000244140627,"z":-801.6799926757813},"rotation":{"x":-0.2580150365829468,"y":-0.16865073144435883,"z":0.04037894308567047,"w":-0.9510859251022339},"size":23.334524154663087,"orthographic":false}