{"cameraMode":{"drawMode":0,"name":"Shaded","section":"Shading Mode"},"sceneLighting":true,"audioPlay":false,"sceneViewState":{"showFog":true,"showMaterialUpdate":true,"showSkybox":true,"showFlares":true,"showImageEffects":true,"showParticleSystems":true},"in2DMode":false,"pivot":{"x":13.529471397399903,"y":2.638782501220703,"z":-12.291319847106934},"rotation":{"x":0.523350179195404,"y":0.008942527696490288,"z":-0.005492688622325659,"w":0.852058470249176},"size":24.22220230102539,"orthographic":false}