{"cameraMode":{"drawMode":0,"name":"Shaded","section":"Shading Mode"},"sceneLighting":false,"audioPlay":false,"sceneViewState":{"showFog":true,"showMaterialUpdate":true,"showSkybox":false,"showFlares":true,"showImageEffects":true,"showParticleSystems":true},"in2DMode":false,"pivot":{"x":3.742513656616211,"y":0.0579671747982502,"z":-5.0},"rotation":{"x":0.010808217339217663,"y":-0.01350374799221754,"z":0.0001400647306581959,"w":0.999869167804718},"size":0.21074062585830689,"orthographic":false}