{"cameraMode":{"drawMode":0,"name":"Shaded","section":"Shading Mode"},"sceneLighting":true,"audioPlay":false,"sceneViewState":{"showFog":true,"showMaterialUpdate":false,"showSkybox":true,"showFlares":true,"showImageEffects":true,"showParticleSystems":true},"in2DMode":false,"pivot":{"x":254.55960083007813,"y":142.34136962890626,"z":0.0},"rotation":{"x":-0.3366736173629761,"y":-0.04631759598851204,"z":0.016588374972343446,"w":-0.9403520226478577},"size":896.8867797851563,"orthographic":false}