{"cameraMode":{"drawMode":0,"name":"Shaded","section":"Shading Mode"},"sceneLighting":false,"audioPlay":false,"sceneViewState":{"showFog":true,"showMaterialUpdate":true,"showSkybox":false,"showFlares":true,"showImageEffects":true,"showParticleSystems":true},"in2DMode":false,"pivot":{"x":312.8388366699219,"y":199.18765258789063,"z":1.6702880859375},"rotation":{"x":-0.0243082195520401,"y":0.008097811602056027,"z":-0.00033480391721241176,"w":-0.9997487664222717},"size":205.24569702148438,"orthographic":false}