{"cameraMode":{"drawMode":0,"name":"Shaded","section":"Shading Mode"},"sceneLighting":false,"audioPlay":false,"sceneViewState":{"showFog":true,"showMaterialUpdate":true,"showSkybox":false,"showFlares":true,"showImageEffects":true,"showParticleSystems":true},"in2DMode":false,"pivot":{"x":473.5291442871094,"y":272.8553771972656,"z":-18.62431526184082},"rotation":{"x":-0.11421134322881699,"y":-0.0517655685544014,"z":0.0013176712673157454,"w":-0.9926778078079224},"size":13.671242713928223,"orthographic":false}