{"cameraMode":{"drawMode":0,"name":"Shaded","section":"Shading Mode"},"sceneLighting":true,"audioPlay":false,"sceneViewState":{"showFog":true,"showMaterialUpdate":false,"showSkybox":true,"showFlares":true,"showImageEffects":true,"showParticleSystems":true},"in2DMode":false,"pivot":{"x":-8.04224967956543,"y":2.842603921890259,"z":-24.081356048583986},"rotation":{"x":0.5110664367675781,"y":0.014813992194831372,"z":-0.008665593340992928,"w":0.8595642447471619},"size":8.453912734985352,"orthographic":false}