{"cameraMode":{"drawMode":0,"name":"Shaded","section":"Shading Mode"},"sceneLighting":false,"audioPlay":false,"sceneViewState":{"showFog":true,"showMaterialUpdate":true,"showSkybox":false,"showFlares":true,"showImageEffects":true,"showParticleSystems":true},"in2DMode":false,"pivot":{"x":325.67999267578127,"y":204.98260498046876,"z":-800.6373291015625},"rotation":{"x":-0.06327325850725174,"y":-0.003898311872035265,"z":0.00010691157513065264,"w":-0.9980664849281311},"size":38.04316329956055,"orthographic":false}