{"cameraMode":{"drawMode":0,"name":"Shaded","section":"Shading Mode"},"sceneLighting":false,"audioPlay":false,"sceneViewState":{"showFog":true,"showMaterialUpdate":false,"showSkybox":false,"showFlares":true,"showImageEffects":true,"showParticleSystems":true},"in2DMode":false,"pivot":{"x":-0.028447628021240236,"y":0.8941134214401245,"z":-0.10592116415500641},"rotation":{"x":0.7256395816802979,"y":0.0006749185267835856,"z":-0.0006584493676200509,"w":0.6882859468460083},"size":4.288310527801514,"orthographic":false}