{"cameraMode":{"drawMode":0,"name":"Shaded","section":"Shading Mode"},"sceneLighting":false,"audioPlay":false,"sceneViewState":{"showFog":true,"showMaterialUpdate":true,"showSkybox":false,"showFlares":true,"showImageEffects":true,"showParticleSystems":true},"in2DMode":false,"pivot":{"x":403.80426025390627,"y":237.6489715576172,"z":0.9878959655761719},"rotation":{"x":-0.04530208930373192,"y":-0.010232466273009777,"z":0.00014603494491893798,"w":-0.9991036653518677},"size":61.094947814941409,"orthographic":false}