{"cameraMode":{"drawMode":0,"name":"Shaded","section":"Shading Mode"},"sceneLighting":false,"audioPlay":false,"sceneViewState":{"showFog":true,"showMaterialUpdate":true,"showSkybox":false,"showFlares":true,"showImageEffects":true,"showParticleSystems":true},"in2DMode":false,"pivot":{"x":324.42999267578127,"y":196.82000732421876,"z":-834.7000122070313},"rotation":{"x":-0.04679623991250992,"y":-0.009893165901303292,"z":0.0003259358345530927,"w":-0.9989323616027832},"size":37.449119567871097,"orthographic":false}