{"cameraMode":{"drawMode":0,"name":"Shaded","section":"Shading Mode"},"sceneLighting":true,"audioPlay":false,"sceneViewState":{"showFog":true,"showMaterialUpdate":true,"showSkybox":true,"showFlares":true,"showImageEffects":true,"showParticleSystems":true},"in2DMode":false,"pivot":{"x":-4.320733070373535,"y":2.248354434967041,"z":-5.7781243324279789},"rotation":{"x":-0.08960070461034775,"y":-0.6269887089729309,"z":0.06792352348566055,"w":-0.77205491065979},"size":6.341211318969727,"orthographic":false}