{"cameraMode":{"drawMode":0,"name":"Shaded","section":"Shading Mode"},"sceneLighting":true,"audioPlay":false,"sceneViewState":{"showFog":true,"showMaterialUpdate":true,"showSkybox":true,"showFlares":true,"showImageEffects":true,"showParticleSystems":true},"in2DMode":false,"pivot":{"x":-6.282467365264893,"y":3.884063720703125,"z":-5.704875469207764},"rotation":{"x":-0.4602944552898407,"y":-0.07938089966773987,"z":0.04087003320455551,"w":-0.8833901882171631},"size":11.031658172607422,"orthographic":false}