{"cameraMode":{"drawMode":0,"name":"Shaded","section":"Shading Mode"},"sceneLighting":false,"audioPlay":false,"sceneViewState":{"showFog":true,"showMaterialUpdate":true,"showSkybox":false,"showFlares":true,"showImageEffects":true,"showParticleSystems":true},"in2DMode":false,"pivot":{"x":939.2999877929688,"y":526.5999755859375,"z":0.0},"rotation":{"x":-0.30979347229003909,"y":0.02904466725885868,"z":-0.014989316463470459,"w":-0.9512319564819336},"size":116.67257690429688,"orthographic":false}