{"cameraMode":{"drawMode":0,"name":"Shaded","section":"Shading Mode"},"sceneLighting":false,"audioPlay":false,"sceneViewState":{"showFog":true,"showMaterialUpdate":true,"showSkybox":false,"showFlares":true,"showImageEffects":true,"showParticleSystems":true},"in2DMode":false,"pivot":{"x":-0.6161907911300659,"y":0.42003580927848818,"z":-0.807740330696106},"rotation":{"x":0.016211828216910363,"y":0.9687890410423279,"z":0.037666428834199908,"w":-0.24735796451568604},"size":2.140397310256958,"orthographic":false}