{"cameraMode":{"drawMode":0,"name":"Shaded","section":"Shading Mode"},"sceneLighting":true,"audioPlay":false,"sceneViewState":{"showFog":true,"showMaterialUpdate":true,"showSkybox":true,"showFlares":true,"showImageEffects":true,"showParticleSystems":true},"in2DMode":false,"pivot":{"x":-7.230981349945068,"y":3.006434917449951,"z":-5.7240471839904789},"rotation":{"x":-0.014771399088203907,"y":0.7128483057022095,"z":-0.021275078877806665,"w":-0.701677143573761},"size":7.082430362701416,"orthographic":false}