{"cameraMode":{"drawMode":0,"name":"Shaded","section":"Shading Mode"},"sceneLighting":false,"audioPlay":false,"sceneViewState":{"showFog":true,"showMaterialUpdate":true,"showSkybox":false,"showFlares":true,"showImageEffects":true,"showParticleSystems":true},"in2DMode":false,"pivot":{"x":0.8364704847335815,"y":-10.172938346862793,"z":-4.165493011474609},"rotation":{"x":-0.14568199217319489,"y":-0.7899118065834045,"z":0.19181224703788758,"w":-0.5650795102119446},"size":6.007812023162842,"orthographic":false}