{"cameraMode":{"drawMode":0,"name":"Shaded","section":"Shading Mode"},"sceneLighting":false,"audioPlay":false,"sceneViewState":{"showFog":true,"showMaterialUpdate":true,"showSkybox":false,"showFlares":true,"showImageEffects":true,"showParticleSystems":true},"in2DMode":false,"pivot":{"x":5.525106430053711,"y":0.11497613042593003,"z":-5.739200115203857},"rotation":{"x":-0.07838354259729386,"y":-0.7990201115608215,"z":0.5866469144821167,"w":-0.10684517025947571},"size":0.2738497853279114,"orthographic":false}