{"cameraMode":{"drawMode":0,"name":"Shaded","section":"Shading Mode"},"sceneLighting":true,"audioPlay":false,"sceneViewState":{"showFog":true,"showMaterialUpdate":true,"showSkybox":true,"showFlares":true,"showImageEffects":true,"showParticleSystems":true},"in2DMode":false,"pivot":{"x":-3.5285489559173586,"y":4.486310958862305,"z":-2.920074462890625},"rotation":{"x":-0.42178118228912356,"y":0.002510371385142207,"z":-0.00703999400138855,"w":-0.90770423412323},"size":26.372264862060548,"orthographic":false}