{"cameraMode":{"drawMode":0,"name":"Shaded","section":"Shading Mode"},"sceneLighting":true,"audioPlay":false,"sceneViewState":{"showFog":true,"showMaterialUpdate":true,"showSkybox":true,"showFlares":true,"showImageEffects":true,"showParticleSystems":true},"in2DMode":false,"pivot":{"x":5.768104553222656,"y":-1.9238373041152955,"z":-21.632225036621095},"rotation":{"x":-0.4121265411376953,"y":-0.028350261971354486,"z":0.011682165786623955,"w":-0.91098952293396},"size":21.88309669494629,"orthographic":false}