{"cameraMode":{"drawMode":0,"name":"Shaded","section":"Shading Mode"},"sceneLighting":true,"audioPlay":false,"sceneViewState":{"showFog":true,"showMaterialUpdate":true,"showSkybox":true,"showFlares":true,"showImageEffects":true,"showParticleSystems":true},"in2DMode":false,"pivot":{"x":1.8677310943603516,"y":3.8567276000976564,"z":-7.057369232177734},"rotation":{"x":-0.49894246459007265,"y":-0.0022616765927523376,"z":0.0009149324614554644,"w":-0.8667680025100708},"size":37.812225341796878,"orthographic":false}