{"cameraMode":{"drawMode":0,"name":"Shaded","section":"Shading Mode"},"sceneLighting":true,"audioPlay":false,"sceneViewState":{"showFog":true,"showMaterialUpdate":true,"showSkybox":true,"showFlares":true,"showImageEffects":true,"showParticleSystems":true},"in2DMode":false,"pivot":{"x":-7.294966697692871,"y":0.534942626953125,"z":-0.11562347412109375},"rotation":{"x":-0.5550749897956848,"y":-0.01642123982310295,"z":0.0027213466819375755,"w":-0.8324097990989685},"size":40.40717315673828,"orthographic":false}