{"cameraMode":{"drawMode":0,"name":"Shaded","section":"Shading Mode"},"sceneLighting":true,"audioPlay":false,"sceneViewState":{"showFog":true,"showMaterialUpdate":true,"showSkybox":false,"showFlares":true,"showImageEffects":true,"showParticleSystems":true},"in2DMode":false,"pivot":{"x":-25.239479064941408,"y":1.386906623840332,"z":2.2596378326416017},"rotation":{"x":0.35112833976745608,"y":-0.01264405157417059,"z":0.004742155782878399,"w":0.9362317323684692},"size":20.89044952392578,"orthographic":false}