{"cameraMode":{"drawMode":0,"name":"Shaded","section":"Shading Mode"},"sceneLighting":false,"audioPlay":false,"sceneViewState":{"showFog":true,"showMaterialUpdate":true,"showSkybox":false,"showFlares":true,"showImageEffects":true,"showParticleSystems":true},"in2DMode":false,"pivot":{"x":-7.947115898132324,"y":7.200794219970703,"z":-0.6016795635223389},"rotation":{"x":0.6887105107307434,"y":-0.0011474424973130227,"z":0.0047822375781834129,"w":0.7256258726119995},"size":20.228673934936525,"orthographic":false}