{"cameraMode":{"drawMode":0,"name":"Shaded","section":"Shading Mode"},"sceneLighting":false,"audioPlay":false,"sceneViewState":{"showFog":true,"showMaterialUpdate":true,"showSkybox":false,"showFlares":true,"showImageEffects":true,"showParticleSystems":true},"in2DMode":false,"pivot":{"x":-1.3864526748657227,"y":0.09434866905212403,"z":-6.620208263397217},"rotation":{"x":-0.12460287660360336,"y":-0.7537165880203247,"z":0.13897715508937837,"w":-0.6313623785972595},"size":7.431197643280029,"orthographic":false}