{"cameraMode":{"drawMode":0,"name":"Shaded","section":"Shading Mode"},"sceneLighting":false,"audioPlay":false,"sceneViewState":{"showFog":true,"showMaterialUpdate":false,"showSkybox":false,"showFlares":true,"showImageEffects":true,"showParticleSystems":true},"in2DMode":false,"pivot":{"x":4.474999904632568,"y":0.1167755275964737,"z":-5.6580376625061039},"rotation":{"x":0.06302378326654434,"y":-0.9308313727378845,"z":0.30367329716682436,"w":0.19383452832698823},"size":0.4817097783088684,"orthographic":false}