{"cameraMode":{"drawMode":0,"name":"Shaded","section":"Shading Mode"},"sceneLighting":false,"audioPlay":false,"sceneViewState":{"showFog":true,"showMaterialUpdate":true,"showSkybox":false,"showFlares":true,"showImageEffects":true,"showParticleSystems":true},"in2DMode":false,"pivot":{"x":0.27097606658935549,"y":-8.759836196899414,"z":5.887786388397217},"rotation":{"x":-0.18266911804676057,"y":-0.5785452723503113,"z":0.1259632706642151,"w":-0.7857108116149902},"size":8.962488174438477,"orthographic":false}