{"cameraMode":{"drawMode":0,"name":"Shaded","section":"Shading Mode"},"sceneLighting":false,"audioPlay":false,"sceneViewState":{"showFog":true,"showMaterialUpdate":true,"showSkybox":false,"showFlares":true,"showImageEffects":true,"showParticleSystems":true},"in2DMode":false,"pivot":{"x":4.922697067260742,"y":-13.66984748840332,"z":-1.1135083436965943},"rotation":{"x":-0.28274890780448916,"y":-0.6566725373268127,"z":0.2808331847190857,"w":-0.641571044921875},"size":10.71278190612793,"orthographic":false}