{"cameraMode":{"drawMode":0,"name":"Shaded","section":"Shading Mode"},"sceneLighting":true,"audioPlay":false,"sceneViewState":{"showFog":true,"showMaterialUpdate":true,"showSkybox":true,"showFlares":true,"showImageEffects":true,"showParticleSystems":true},"in2DMode":false,"pivot":{"x":1.8457645177841187,"y":-4.558565139770508,"z":3.7511062622070314},"rotation":{"x":-0.37902888655662539,"y":-0.020313598215579988,"z":0.008176152594387532,"w":-0.9252080917358398},"size":28.66759490966797,"orthographic":false}