{"cameraMode":{"drawMode":0,"name":"Shaded","section":"Shading Mode"},"sceneLighting":false,"audioPlay":false,"sceneViewState":{"showFog":true,"showMaterialUpdate":true,"showSkybox":false,"showFlares":true,"showImageEffects":true,"showParticleSystems":true},"in2DMode":false,"pivot":{"x":373.0,"y":300.20001220703127,"z":7.8300018310546879},"rotation":{"x":-0.15124090015888215,"y":-0.005368326790630817,"z":0.0006117933080531657,"w":-0.9885775446891785},"size":36.645023345947269,"orthographic":false}