{"cameraMode":{"drawMode":0,"name":"Shaded","section":"Shading Mode"},"sceneLighting":false,"audioPlay":false,"sceneViewState":{"showFog":true,"showMaterialUpdate":true,"showSkybox":false,"showFlares":true,"showImageEffects":true,"showParticleSystems":true},"in2DMode":false,"pivot":{"x":941.90234375,"y":531.8539428710938,"z":-830.3422241210938},"rotation":{"x":-0.06297037750482559,"y":0.015658948570489885,"z":-0.0040014516562223438,"w":-0.9987950921058655},"size":30.935779571533204,"orthographic":false}