{"cameraMode":{"drawMode":0,"name":"Shaded","section":"Shading Mode"},"sceneLighting":false,"audioPlay":false,"sceneViewState":{"showFog":true,"showMaterialUpdate":true,"showSkybox":false,"showFlares":true,"showImageEffects":true,"showParticleSystems":true},"in2DMode":false,"pivot":{"x":399.02001953125,"y":252.85409545898438,"z":-798.1363525390625},"rotation":{"x":-0.06327325850725174,"y":-0.003898311872035265,"z":0.00010691157513065264,"w":-0.9980664849281311},"size":33.53042984008789,"orthographic":false}