{"cameraMode":{"drawMode":0,"name":"Shaded","section":"Shading Mode"},"sceneLighting":true,"audioPlay":false,"sceneViewState":{"showFog":true,"showMaterialUpdate":true,"showSkybox":true,"showFlares":true,"showImageEffects":true,"showParticleSystems":true},"in2DMode":false,"pivot":{"x":-21.080873489379884,"y":-11.760124206542969,"z":-1.787095069885254},"rotation":{"x":0.6654484868049622,"y":-0.008611026220023632,"z":0.01179594174027443,"w":0.7469315528869629},"size":92.14080810546875,"orthographic":false}