{"cameraMode":{"drawMode":0,"name":"Shaded","section":"Shading Mode"},"sceneLighting":true,"audioPlay":false,"sceneViewState":{"showFog":true,"showMaterialUpdate":true,"showSkybox":true,"showFlares":true,"showImageEffects":true,"showParticleSystems":true},"in2DMode":false,"pivot":{"x":16.127277374267579,"y":-149.63031005859376,"z":93.63961029052735},"rotation":{"x":-0.4919828474521637,"y":-0.034722670912742618,"z":0.01964058354496956,"w":-0.8697038888931274},"size":206.95823669433595,"orthographic":false}