{"cameraMode":{"drawMode":0,"name":"Shaded","section":"Shading Mode"},"sceneLighting":true,"audioPlay":false,"sceneViewState":{"showFog":true,"showMaterialUpdate":true,"showSkybox":true,"showFlares":true,"showImageEffects":true,"showParticleSystems":true},"in2DMode":false,"pivot":{"x":-0.9084901809692383,"y":-68.62986755371094,"z":53.58125686645508},"rotation":{"x":-0.42960983514785769,"y":0.01589159294962883,"z":-0.015130897052586079,"w":-0.9034618735313416},"size":170.7813720703125,"orthographic":false}