{"cameraMode":{"drawMode":0,"name":"Shaded","section":"Shading Mode"},"sceneLighting":true,"audioPlay":false,"sceneViewState":{"showFog":true,"showMaterialUpdate":true,"showSkybox":true,"showFlares":true,"showImageEffects":true,"showParticleSystems":true},"in2DMode":false,"pivot":{"x":77.88335418701172,"y":142.01443481445313,"z":6.408260345458984},"rotation":{"x":0.006219503004103899,"y":-0.822037398815155,"z":-0.01576095074415207,"w":-0.5701442956924439},"size":152.16673278808595,"orthographic":false}