{"cameraMode":{"drawMode":0,"name":"Shaded","section":"Shading Mode"},"sceneLighting":true,"audioPlay":false,"sceneViewState":{"showFog":true,"showMaterialUpdate":true,"showSkybox":false,"showFlares":true,"showImageEffects":true,"showParticleSystems":true},"in2DMode":false,"pivot":{"x":-4.772603988647461,"y":1.3507862091064454,"z":-8.084100723266602},"rotation":{"x":0.35112833976745608,"y":-0.01264405157417059,"z":0.004742155782878399,"w":0.9362317323684692},"size":12.853422164916993,"orthographic":false}