{"cameraMode":{"drawMode":0,"name":"Shaded","section":"Shading Mode"},"sceneLighting":true,"audioPlay":false,"sceneViewState":{"showFog":true,"showMaterialUpdate":true,"showSkybox":true,"showFlares":true,"showImageEffects":true,"showParticleSystems":true},"in2DMode":false,"pivot":{"x":1168.578125,"y":559.4529418945313,"z":32.489501953125},"rotation":{"x":0.04954739287495613,"y":0.003506471635773778,"z":0.005233392585068941,"w":0.9995347857475281},"size":1418.083984375,"orthographic":false}