{"cameraMode":{"drawMode":0,"name":"Shaded","section":"Shading Mode"},"sceneLighting":false,"audioPlay":false,"sceneViewState":{"showFog":true,"showMaterialUpdate":true,"showSkybox":false,"showFlares":true,"showImageEffects":true,"showParticleSystems":true},"in2DMode":false,"pivot":{"x":477.20599365234377,"y":338.6646423339844,"z":8.0181884765625},"rotation":{"x":-0.08402205258607865,"y":-0.01435180939733982,"z":-0.0017394941532984377,"w":-0.9972795248031616},"size":567.0155029296875,"orthographic":false}