{"cameraMode":{"drawMode":0,"name":"Shaded","section":"Shading Mode"},"sceneLighting":true,"audioPlay":false,"sceneViewState":{"showFog":true,"showMaterialUpdate":true,"showSkybox":false,"showFlares":true,"showImageEffects":true,"showParticleSystems":true},"in2DMode":false,"pivot":{"x":0.8377227783203125,"y":4.208498001098633,"z":0.2088165283203125},"rotation":{"x":0.35112833976745608,"y":-0.01264405157417059,"z":0.004742155782878399,"w":0.9362317323684692},"size":561.310302734375,"orthographic":false}