{"cameraMode":{"drawMode":0,"name":"Shaded","section":"Shading Mode"},"sceneLighting":false,"audioPlay":false,"sceneViewState":{"showFog":true,"showMaterialUpdate":true,"showSkybox":false,"showFlares":true,"showImageEffects":true,"showParticleSystems":true},"in2DMode":false,"pivot":{"x":-9.350006103515625,"y":3.255002975463867,"z":2.4449996948242189},"rotation":{"x":-0.4886407256126404,"y":-0.05958230420947075,"z":0.0334932766854763,"w":-0.8698734641075134},"size":142.33021545410157,"orthographic":false}