{"cameraMode":{"drawMode":0,"name":"Shaded","section":"Shading Mode"},"sceneLighting":true,"audioPlay":false,"sceneViewState":{"showFog":true,"showMaterialUpdate":true,"showSkybox":true,"showFlares":true,"showImageEffects":true,"showParticleSystems":true},"in2DMode":false,"pivot":{"x":-19.120487213134767,"y":8.32557487487793,"z":13.251952171325684},"rotation":{"x":-0.21880251169204713,"y":0.6420514583587647,"z":-0.19912844896316529,"w":-0.7074336409568787},"size":3.6852731704711916,"orthographic":false}