{"cameraMode":{"drawMode":0,"name":"Shaded","section":"Shading Mode"},"sceneLighting":true,"audioPlay":false,"sceneViewState":{"showFog":true,"showMaterialUpdate":true,"showSkybox":false,"showFlares":true,"showImageEffects":true,"showParticleSystems":true},"in2DMode":false,"pivot":{"x":1.5989224910736085,"y":0.9995670318603516,"z":-6.7925262451171879},"rotation":{"x":0.4159526526927948,"y":-0.034093696624040607,"z":0.015606613829731942,"w":0.9086198806762695},"size":10.98206615447998,"orthographic":false}