{"cameraMode":{"drawMode":0,"name":"Shaded","section":"Shading Mode"},"sceneLighting":true,"audioPlay":false,"sceneViewState":{"showFog":true,"showMaterialUpdate":true,"showSkybox":false,"showFlares":true,"showImageEffects":true,"showParticleSystems":true},"in2DMode":false,"pivot":{"x":0.8377227783203125,"y":3.255000114440918,"z":0.20882415771484376},"rotation":{"x":-0.3860764503479004,"y":0.005664088763296604,"z":-0.0027176744770258667,"w":-0.9226431250572205},"size":560.5401000976563,"orthographic":false}