{"cameraMode":{"drawMode":0,"name":"Shaded","section":"Shading Mode"},"sceneLighting":true,"audioPlay":false,"sceneViewState":{"showFog":true,"showMaterialUpdate":true,"showSkybox":true,"showFlares":true,"showImageEffects":true,"showParticleSystems":true},"in2DMode":false,"pivot":{"x":262.80792236328127,"y":158.26498413085938,"z":-377.8692932128906},"rotation":{"x":0.027059217914938928,"y":0.9033400416374207,"z":-0.050598274916410449,"w":0.4260876774787903},"size":226.0115203857422,"orthographic":false}