{"cameraMode":{"drawMode":0,"name":"Shaded","section":"Shading Mode"},"sceneLighting":true,"audioPlay":false,"sceneViewState":{"showFog":true,"showMaterialUpdate":true,"showSkybox":true,"showFlares":true,"showImageEffects":true,"showParticleSystems":true},"in2DMode":false,"pivot":{"x":6.126540184020996,"y":-132.8455047607422,"z":112.83103942871094},"rotation":{"x":-0.4173712730407715,"y":-0.030800051987171174,"z":0.014153960160911084,"w":-0.9081162214279175},"size":212.0541534423828,"orthographic":false}