{"cameraMode":{"drawMode":0,"name":"Shaded","section":"Shading Mode"},"sceneLighting":false,"audioPlay":false,"sceneViewState":{"showFog":true,"showMaterialUpdate":true,"showSkybox":false,"showFlares":true,"showImageEffects":true,"showParticleSystems":true},"in2DMode":false,"pivot":{"x":4.860000133514404,"y":-9.330764770507813,"z":-3.2058515548706056},"rotation":{"x":-0.07816466689109802,"y":-0.03360314667224884,"z":-0.004256443586200476,"w":-0.9970124363899231},"size":8.68727970123291,"orthographic":false}