{"cameraMode":{"drawMode":0,"name":"Shaded","section":"Shading Mode"},"sceneLighting":false,"audioPlay":false,"sceneViewState":{"showFog":true,"showMaterialUpdate":true,"showSkybox":false,"showFlares":true,"showImageEffects":true,"showParticleSystems":true},"in2DMode":false,"pivot":{"x":388.6194152832031,"y":231.9452362060547,"z":-829.5797729492188},"rotation":{"x":-0.01531265489757061,"y":-0.008400398306548596,"z":-0.00008412688475800678,"w":-0.9999417662620544},"size":32.4401741027832,"orthographic":false}