{"cameraMode":{"drawMode":0,"name":"Shaded","section":"Shading Mode"},"sceneLighting":true,"audioPlay":false,"sceneViewState":{"showFog":true,"showMaterialUpdate":true,"showSkybox":true,"showFlares":true,"showImageEffects":true,"showParticleSystems":true},"in2DMode":false,"pivot":{"x":4.909551620483398,"y":-5.165901184082031,"z":-3.804048538208008},"rotation":{"x":-0.5937613248825073,"y":-0.010937931016087532,"z":0.0012823339784517885,"w":-0.805587649345398},"size":41.617916107177737,"orthographic":false}