{"cameraMode":{"drawMode":0,"name":"Shaded","section":"Shading Mode"},"sceneLighting":false,"audioPlay":false,"sceneViewState":{"showFog":true,"showMaterialUpdate":true,"showSkybox":false,"showFlares":true,"showImageEffects":true,"showParticleSystems":true},"in2DMode":false,"pivot":{"x":394.03662109375,"y":215.34182739257813,"z":-830.0709838867188},"rotation":{"x":-0.09301082789897919,"y":-0.032292794436216357,"z":-0.00004703881131717935,"w":-0.9960619807243347},"size":18.152183532714845,"orthographic":false}