{"cameraMode":{"drawMode":0,"name":"Shaded","section":"Shading Mode"},"sceneLighting":false,"audioPlay":false,"sceneViewState":{"showFog":true,"showMaterialUpdate":true,"showSkybox":false,"showFlares":true,"showImageEffects":true,"showParticleSystems":true},"in2DMode":false,"pivot":{"x":16.70644187927246,"y":0.3518047332763672,"z":11.164767265319825},"rotation":{"x":0.40367594361305239,"y":-0.0984586626291275,"z":0.05001627281308174,"w":0.9091199040412903},"size":22.0,"orthographic":false}