{"cameraMode":{"drawMode":0,"name":"Shaded","section":"Shading Mode"},"sceneLighting":true,"audioPlay":false,"sceneViewState":{"showFog":true,"showMaterialUpdate":true,"showSkybox":true,"showFlares":true,"showImageEffects":true,"showParticleSystems":true},"in2DMode":false,"pivot":{"x":-8.045085906982422,"y":-0.922448992729187,"z":-4.235933780670166},"rotation":{"x":-0.5613095164299011,"y":-0.011432205326855183,"z":-0.0005253221024759114,"w":-0.8283071517944336},"size":16.5233154296875,"orthographic":false}