{"cameraMode":{"drawMode":0,"name":"Shaded","section":"Shading Mode"},"sceneLighting":true,"audioPlay":false,"sceneViewState":{"showFog":true,"showMaterialUpdate":true,"showSkybox":true,"showFlares":true,"showImageEffects":true,"showParticleSystems":true},"in2DMode":false,"pivot":{"x":-1.6010985374450684,"y":-4.132697582244873,"z":-7.8063578605651859},"rotation":{"x":0.5552915930747986,"y":0.12675981223583222,"z":-0.08277949690818787,"w":0.8182888031005859},"size":35.77662658691406,"orthographic":false}