{"cameraMode":{"drawMode":0,"name":"Shaded","section":"Shading Mode"},"sceneLighting":true,"audioPlay":false,"sceneViewState":{"showFog":true,"showMaterialUpdate":true,"showSkybox":true,"showFlares":true,"showImageEffects":true,"showParticleSystems":true},"in2DMode":false,"pivot":{"x":-14.203186988830567,"y":2.2011337280273439,"z":-2.3774924278259279},"rotation":{"x":-0.40614357590675356,"y":0.5778424739837647,"z":-0.412273108959198,"w":-0.5770683884620667},"size":22.05059051513672,"orthographic":false}