{"cameraMode":{"drawMode":0,"name":"Shaded","section":"Shading Mode"},"sceneLighting":true,"audioPlay":false,"sceneViewState":{"showFog":true,"showMaterialUpdate":true,"showSkybox":false,"showFlares":true,"showImageEffects":true,"showParticleSystems":true},"in2DMode":false,"pivot":{"x":-22.332977294921876,"y":0.9539368152618408,"z":-12.464469909667969},"rotation":{"x":0.35112833976745608,"y":-0.01264405157417059,"z":0.004742155782878399,"w":0.9362317323684692},"size":11.87757396697998,"orthographic":false}