{"cameraMode":{"drawMode":0,"name":"Shaded","section":"Shading Mode"},"sceneLighting":false,"audioPlay":false,"sceneViewState":{"showFog":true,"showMaterialUpdate":true,"showSkybox":false,"showFlares":true,"showImageEffects":true,"showParticleSystems":true},"in2DMode":false,"pivot":{"x":457.5,"y":254.89999389648438,"z":-830.0999755859375},"rotation":{"x":-0.15554547309875489,"y":-0.01591605693101883,"z":-0.0004883924266323447,"w":-0.9886197447776794},"size":23.334524154663087,"orthographic":false}