{"cameraMode":{"drawMode":0,"name":"Shaded","section":"Shading Mode"},"sceneLighting":false,"audioPlay":false,"sceneViewState":{"showFog":true,"showMaterialUpdate":true,"showSkybox":false,"showFlares":true,"showImageEffects":true,"showParticleSystems":true},"in2DMode":false,"pivot":{"x":2.0096094608306886,"y":-10.032333374023438,"z":-1.0534641742706299},"rotation":{"x":-0.280207097530365,"y":-0.21035075187683106,"z":0.055917154997587207,"w":-0.9356288313865662},"size":8.898618698120118,"orthographic":false}