{"cameraMode":{"drawMode":0,"name":"Shaded","section":"Shading Mode"},"sceneLighting":true,"audioPlay":false,"sceneViewState":{"showFog":true,"showMaterialUpdate":true,"showSkybox":true,"showFlares":true,"showImageEffects":true,"showParticleSystems":true},"in2DMode":false,"pivot":{"x":-2.9026827812194826,"y":1.0852912664413453,"z":-3.823014736175537},"rotation":{"x":-0.24503281712532044,"y":0.38294103741645815,"z":-0.10632068663835526,"w":-0.8846335411071777},"size":6.708858489990234,"orthographic":false}