{"cameraMode":{"drawMode":0,"name":"Shaded","section":"Shading Mode"},"sceneLighting":false,"audioPlay":false,"sceneViewState":{"showFog":true,"showMaterialUpdate":true,"showSkybox":false,"showFlares":true,"showImageEffects":true,"showParticleSystems":true},"in2DMode":false,"pivot":{"x":342.0,"y":177.1294708251953,"z":-24.044578552246095},"rotation":{"x":0.32379013299942019,"y":0.13560353219509126,"z":-0.046946607530117038,"w":0.935196042060852},"size":282.94390869140627,"orthographic":false}