{"cameraMode":{"drawMode":0,"name":"Shaded","section":"Shading Mode"},"sceneLighting":true,"audioPlay":false,"sceneViewState":{"showFog":true,"showMaterialUpdate":true,"showSkybox":true,"showFlares":true,"showImageEffects":true,"showParticleSystems":true},"in2DMode":false,"pivot":{"x":9.215605735778809,"y":1.9854621887207032,"z":5.508540153503418},"rotation":{"x":-0.7035252451896668,"y":0.007896787486970425,"z":-0.0173894464969635,"w":-0.7113192081451416},"size":51.38727569580078,"orthographic":false}