{"cameraMode":{"drawMode":0,"name":"Shaded","section":"Shading Mode"},"sceneLighting":false,"audioPlay":false,"sceneViewState":{"showFog":true,"showMaterialUpdate":true,"showSkybox":false,"showFlares":true,"showImageEffects":true,"showParticleSystems":true},"in2DMode":false,"pivot":{"x":21.99187660217285,"y":-2.874420166015625,"z":21.96649932861328},"rotation":{"x":0.7048781514167786,"y":0.005401963368058205,"z":-0.0014793005539104343,"w":0.7099291682243347},"size":372.27374267578127,"orthographic":false}