{"cameraMode":{"drawMode":0,"name":"Shaded","section":"Shading Mode"},"sceneLighting":false,"audioPlay":false,"sceneViewState":{"showFog":true,"showMaterialUpdate":true,"showSkybox":false,"showFlares":true,"showImageEffects":true,"showParticleSystems":true},"in2DMode":false,"pivot":{"x":1.1911029815673829,"y":-14.54379940032959,"z":2.0726406574249269},"rotation":{"x":-0.4943913221359253,"y":-0.5037131309509277,"z":0.44398385286331179,"w":-0.553031861782074},"size":8.51739501953125,"orthographic":false}