{"cameraMode":{"drawMode":0,"name":"Shaded","section":"Shading Mode"},"sceneLighting":true,"audioPlay":false,"sceneViewState":{"showFog":true,"showMaterialUpdate":true,"showSkybox":true,"showFlares":true,"showImageEffects":true,"showParticleSystems":true},"in2DMode":false,"pivot":{"x":-6.687352657318115,"y":0.9461604952812195,"z":-0.6915019154548645},"rotation":{"x":0.009970275685191155,"y":-0.7413049340248108,"z":0.6722148656845093,"w":0.014954895712435246},"size":63.52602767944336,"orthographic":false}