{"cameraMode":{"drawMode":0,"name":"Shaded","section":"Shading Mode"},"sceneLighting":false,"audioPlay":false,"sceneViewState":{"showFog":true,"showMaterialUpdate":true,"showSkybox":false,"showFlares":true,"showImageEffects":true,"showParticleSystems":true},"in2DMode":false,"pivot":{"x":480.6170654296875,"y":284.84979248046877,"z":-2.1396484375},"rotation":{"x":0.04659418761730194,"y":0.01248929277062416,"z":0.004831686615943909,"w":0.999607503414154},"size":289.9887390136719,"orthographic":false}