{"cameraMode":{"drawMode":0,"name":"Shaded","section":"Shading Mode"},"sceneLighting":false,"audioPlay":false,"sceneViewState":{"showFog":true,"showMaterialUpdate":true,"showSkybox":false,"showFlares":true,"showImageEffects":true,"showParticleSystems":true},"in2DMode":false,"pivot":{"x":420.2381286621094,"y":229.18768310546876,"z":-7.441935062408447},"rotation":{"x":-0.2920340597629547,"y":0.3403356969356537,"z":-0.11261161416769028,"w":-0.8867985606193543},"size":95.52393341064453,"orthographic":false}