{"cameraMode":{"drawMode":0,"name":"Shaded","section":"Shading Mode"},"sceneLighting":true,"audioPlay":false,"sceneViewState":{"showFog":true,"showMaterialUpdate":true,"showSkybox":true,"showFlares":true,"showImageEffects":true,"showParticleSystems":true},"in2DMode":false,"pivot":{"x":-5.324682235717773,"y":-15.404150009155274,"z":7.474344730377197},"rotation":{"x":0.4659274220466614,"y":0.0528586246073246,"z":-0.020350800827145578,"w":0.8837457299232483},"size":42.72447204589844,"orthographic":false}