{"cameraMode":{"drawMode":0,"name":"Shaded","section":"Shading Mode"},"sceneLighting":true,"audioPlay":false,"sceneViewState":{"showFog":true,"showMaterialUpdate":true,"showSkybox":true,"showFlares":true,"showImageEffects":true,"showParticleSystems":true},"in2DMode":false,"pivot":{"x":1166.4263916015625,"y":266.9094543457031,"z":2.36029052734375},"rotation":{"x":-0.027305936440825464,"y":0.002095824806019664,"z":-0.00006383806612575427,"w":-0.9996352791786194},"size":729.4376831054688,"orthographic":false}