{"cameraMode":{"drawMode":0,"name":"Shaded","section":"Shading Mode"},"sceneLighting":false,"audioPlay":false,"sceneViewState":{"showFog":true,"showMaterialUpdate":true,"showSkybox":false,"showFlares":true,"showImageEffects":true,"showParticleSystems":true},"in2DMode":false,"pivot":{"x":6.802225112915039,"y":-11.36099910736084,"z":-2.6401968002319338},"rotation":{"x":-0.27018046379089358,"y":-0.6674925088882446,"z":0.2718254625797272,"w":-0.6394197940826416},"size":9.722991943359375,"orthographic":false}