{"cameraMode":{"drawMode":0,"name":"Shaded","section":"Shading Mode"},"sceneLighting":false,"audioPlay":false,"sceneViewState":{"showFog":true,"showMaterialUpdate":true,"showSkybox":false,"showFlares":true,"showImageEffects":true,"showParticleSystems":true},"in2DMode":false,"pivot":{"x":-10.90241527557373,"y":0.03145277500152588,"z":-0.06713557243347168},"rotation":{"x":0.21410022675991059,"y":-0.0688084065914154,"z":0.015110526233911515,"w":0.9742932319641113},"size":5.10740852355957,"orthographic":false}