{"cameraMode":{"drawMode":0,"name":"Shaded","section":"Shading Mode"},"sceneLighting":true,"audioPlay":false,"sceneViewState":{"showFog":true,"showMaterialUpdate":true,"showSkybox":true,"showFlares":true,"showImageEffects":true,"showParticleSystems":true},"in2DMode":false,"pivot":{"x":-5.768673896789551,"y":-5.695260047912598,"z":13.38818645477295},"rotation":{"x":-0.36374473571777346,"y":-0.005584368947893381,"z":-0.005196715239435434,"w":-0.9321960806846619},"size":52.86859893798828,"orthographic":false}