{"cameraMode":{"drawMode":0,"name":"Shaded","section":"Shading Mode"},"sceneLighting":false,"audioPlay":false,"sceneViewState":{"showFog":true,"showMaterialUpdate":true,"showSkybox":false,"showFlares":true,"showImageEffects":true,"showParticleSystems":true},"in2DMode":false,"pivot":{"x":0.0,"y":-9.295522689819336,"z":0.09165668487548828},"rotation":{"x":-0.6065496802330017,"y":-0.0002803172101266682,"z":-0.004410282708704472,"w":-0.7957216501235962},"size":8.51739501953125,"orthographic":false}