{"cameraMode":{"drawMode":0,"name":"Shaded","section":"Shading Mode"},"sceneLighting":false,"audioPlay":false,"sceneViewState":{"showFog":true,"showMaterialUpdate":true,"showSkybox":false,"showFlares":true,"showImageEffects":true,"showParticleSystems":true},"in2DMode":false,"pivot":{"x":325.42999267578127,"y":197.32000732421876,"z":-834.7000122070313},"rotation":{"x":0.08693033456802368,"y":-0.01681426353752613,"z":0.003517225617542863,"w":0.9969517588615418},"size":48.61347961425781,"orthographic":false}