{"cameraMode":{"drawMode":0,"name":"Shaded","section":"Shading Mode"},"sceneLighting":true,"audioPlay":false,"sceneViewState":{"showFog":true,"showMaterialUpdate":true,"showSkybox":true,"showFlares":true,"showImageEffects":true,"showParticleSystems":true},"in2DMode":false,"pivot":{"x":16.24521827697754,"y":-4.98183536529541,"z":-19.789867401123048},"rotation":{"x":0.5363098978996277,"y":0.0017200782895088196,"z":0.0020022771786898376,"w":0.8444798588752747},"size":14.983142852783204,"orthographic":false}