{"cameraMode":{"drawMode":0,"name":"Shaded","section":"Shading Mode"},"sceneLighting":false,"audioPlay":false,"sceneViewState":{"showFog":true,"showMaterialUpdate":false,"showSkybox":false,"showFlares":true,"showImageEffects":true,"showParticleSystems":true},"in2DMode":false,"pivot":{"x":-0.1510009765625,"y":1.3783999681472779,"z":0.43819427490234377},"rotation":{"x":-0.5533638596534729,"y":0.031118955463171006,"z":-0.02084832265973091,"w":-0.832202136516571},"size":13.065459251403809,"orthographic":false}