{"cameraMode":{"drawMode":0,"name":"Shaded","section":"Shading Mode"},"sceneLighting":true,"audioPlay":false,"sceneViewState":{"showFog":true,"showMaterialUpdate":true,"showSkybox":true,"showFlares":true,"showImageEffects":true,"showParticleSystems":true},"in2DMode":false,"pivot":{"x":657.760986328125,"y":22.641407012939454,"z":-177.93702697753907},"rotation":{"x":-0.037217896431684497,"y":-0.636497437953949,"z":0.030771158635616304,"w":-0.7697811722755432},"size":475.0469055175781,"orthographic":false}