{"cameraMode":{"drawMode":0,"name":"Shaded","section":"Shading Mode"},"sceneLighting":false,"audioPlay":false,"sceneViewState":{"showFog":true,"showMaterialUpdate":true,"showSkybox":false,"showFlares":true,"showImageEffects":true,"showParticleSystems":true},"in2DMode":false,"pivot":{"x":9.432524681091309,"y":-13.486867904663086,"z":-3.2256462574005129},"rotation":{"x":-0.2373577207326889,"y":-0.6992084383964539,"z":0.2549554407596588,"w":-0.6253463625907898},"size":10.983661651611329,"orthographic":false}