{"cameraMode":{"drawMode":0,"name":"Shaded","section":"Shading Mode"},"sceneLighting":false,"audioPlay":false,"sceneViewState":{"showFog":true,"showMaterialUpdate":true,"showSkybox":false,"showFlares":true,"showImageEffects":true,"showParticleSystems":true},"in2DMode":false,"pivot":{"x":16.51630973815918,"y":22.95081901550293,"z":-5.221808910369873},"rotation":{"x":0.5552036166191101,"y":0.008063954301178456,"z":-0.002111844951286912,"w":0.8322041034698486},"size":20.228673934936525,"orthographic":false}