{"cameraMode":{"drawMode":0,"name":"Shaded","section":"Shading Mode"},"sceneLighting":true,"audioPlay":false,"sceneViewState":{"showFog":true,"showMaterialUpdate":true,"showSkybox":true,"showFlares":true,"showImageEffects":true,"showParticleSystems":true},"in2DMode":false,"pivot":{"x":-8.335033416748047,"y":-1.3068708181381226,"z":-6.105172157287598},"rotation":{"x":-0.40053150057792666,"y":-0.11849987506866455,"z":0.05232859030365944,"w":-0.9070930480957031},"size":12.027752876281739,"orthographic":false}