{"cameraMode":{"drawMode":0,"name":"Shaded","section":"Shading Mode"},"sceneLighting":true,"audioPlay":false,"sceneViewState":{"showFog":true,"showMaterialUpdate":true,"showSkybox":true,"showFlares":true,"showImageEffects":true,"showParticleSystems":true},"in2DMode":false,"pivot":{"x":-3.7555229663848879,"y":2.486130714416504,"z":-4.975599765777588},"rotation":{"x":-0.07221868634223938,"y":-0.1207626685500145,"z":0.0026060636155307295,"w":-0.9908315539360046},"size":4.255255699157715,"orthographic":false}