{"cameraMode":{"drawMode":0,"name":"Shaded","section":"Shading Mode"},"sceneLighting":false,"audioPlay":false,"sceneViewState":{"showFog":true,"showMaterialUpdate":true,"showSkybox":false,"showFlares":true,"showImageEffects":true,"showParticleSystems":true},"in2DMode":false,"pivot":{"x":6.366180419921875,"y":-13.610705375671387,"z":-0.7475200295448303},"rotation":{"x":-0.36614495515823367,"y":-0.109776571393013,"z":0.03647170588374138,"w":-0.924039363861084},"size":9.722991943359375,"orthographic":false}