{"cameraMode":{"drawMode":0,"name":"Shaded","section":"Shading Mode"},"sceneLighting":true,"audioPlay":false,"sceneViewState":{"showFog":true,"showMaterialUpdate":true,"showSkybox":true,"showFlares":true,"showImageEffects":true,"showParticleSystems":true},"in2DMode":false,"pivot":{"x":2.076287031173706,"y":-5.212141990661621,"z":-4.324506759643555},"rotation":{"x":0.5331327319145203,"y":0.1735559105873108,"z":-0.1127944141626358,"w":0.8203220367431641},"size":15.819581031799317,"orthographic":false}