{"cameraMode":{"drawMode":0,"name":"Shaded","section":"Shading Mode"},"sceneLighting":false,"audioPlay":false,"sceneViewState":{"showFog":true,"showMaterialUpdate":true,"showSkybox":false,"showFlares":true,"showImageEffects":true,"showParticleSystems":true},"in2DMode":false,"pivot":{"x":1.3025151491165162,"y":-9.208566665649414,"z":2.744349718093872},"rotation":{"x":0.0019790674559772016,"y":-0.17522674798965455,"z":-0.004224262200295925,"w":-0.9850742220878601},"size":7.9381608963012699,"orthographic":false}