{"cameraMode":{"drawMode":0,"name":"Shaded","section":"Shading Mode"},"sceneLighting":true,"audioPlay":false,"sceneViewState":{"showFog":true,"showMaterialUpdate":true,"showSkybox":true,"showFlares":true,"showImageEffects":true,"showParticleSystems":true},"in2DMode":false,"pivot":{"x":401.06378173828127,"y":256.13702392578127,"z":0.0},"rotation":{"x":-0.04979187622666359,"y":0.0005947646568529308,"z":-0.000026598734621074982,"w":-0.9987744092941284},"size":541.5874633789063,"orthographic":false}