{"cameraMode":{"drawMode":0,"name":"Shaded","section":"Shading Mode"},"sceneLighting":true,"audioPlay":false,"sceneViewState":{"showFog":true,"showMaterialUpdate":true,"showSkybox":true,"showFlares":true,"showImageEffects":true,"showParticleSystems":true},"in2DMode":false,"pivot":{"x":-0.6495105028152466,"y":9.124551773071289,"z":12.679723739624024},"rotation":{"x":-0.7045014500617981,"y":-0.014757669530808926,"z":0.014088189229369164,"w":-0.7095633149147034},"size":20.405540466308595,"orthographic":false}