{"cameraMode":{"drawMode":0,"name":"Shaded","section":"Shading Mode"},"sceneLighting":false,"audioPlay":false,"sceneViewState":{"showFog":true,"showMaterialUpdate":true,"showSkybox":false,"showFlares":true,"showImageEffects":true,"showParticleSystems":true},"in2DMode":false,"pivot":{"x":1.8632076978683472,"y":-15.237135887145996,"z":-0.5975397825241089},"rotation":{"x":-0.4220517575740814,"y":-0.5777172446250916,"z":0.4322271943092346,"w":-0.5504053831100464},"size":10.643407821655274,"orthographic":false}