{"cameraMode":{"drawMode":0,"name":"Shaded","section":"Shading Mode"},"sceneLighting":true,"audioPlay":false,"sceneViewState":{"showFog":true,"showMaterialUpdate":true,"showSkybox":true,"showFlares":true,"showImageEffects":true,"showParticleSystems":true},"in2DMode":false,"pivot":{"x":2142.9326171875,"y":393.4278564453125,"z":-2587.04541015625},"rotation":{"x":-0.14262518286705018,"y":-0.8499792814254761,"z":0.2623980641365051,"w":-0.4354681074619293},"size":2027.5181884765625,"orthographic":false}