{"cameraMode":{"drawMode":0,"name":"Shaded","section":"Shading Mode"},"sceneLighting":false,"audioPlay":false,"sceneViewState":{"showFog":true,"showMaterialUpdate":true,"showSkybox":false,"showFlares":true,"showImageEffects":true,"showParticleSystems":true},"in2DMode":false,"pivot":{"x":0.023729458451271058,"y":0.3163158893585205,"z":-0.11552748829126358},"rotation":{"x":-0.07968901097774506,"y":-0.7860535979270935,"z":0.09770737588405609,"w":-0.6059539318084717},"size":2.114483118057251,"orthographic":false}