{"cameraMode":{"drawMode":0,"name":"Shaded","section":"Shading Mode"},"sceneLighting":true,"audioPlay":false,"sceneViewState":{"showFog":true,"showMaterialUpdate":true,"showSkybox":true,"showFlares":true,"showImageEffects":true,"showParticleSystems":true},"in2DMode":false,"pivot":{"x":-10.371731758117676,"y":5.411928176879883,"z":-7.993613243103027},"rotation":{"x":-0.2697215676307678,"y":-0.04784095287322998,"z":0.009745540097355843,"w":-0.9626493453979492},"size":9.945323944091797,"orthographic":false}