{"cameraMode":{"drawMode":0,"name":"Shaded","section":"Shading Mode"},"sceneLighting":true,"audioPlay":false,"sceneViewState":{"showFog":true,"showMaterialUpdate":true,"showSkybox":true,"showFlares":true,"showImageEffects":true,"showParticleSystems":true},"in2DMode":false,"pivot":{"x":341.11083984375,"y":59.33411407470703,"z":-12.6654052734375},"rotation":{"x":0.16740767657756806,"y":-0.03548805043101311,"z":0.006030113901942968,"w":0.9852317571640015},"size":264.9465637207031,"orthographic":false}