{"cameraMode":{"drawMode":0,"name":"Shaded","section":"Shading Mode"},"sceneLighting":false,"audioPlay":false,"sceneViewState":{"showFog":true,"showMaterialUpdate":true,"showSkybox":false,"showFlares":true,"showImageEffects":true,"showParticleSystems":true},"in2DMode":false,"pivot":{"x":0.6228525638580322,"y":-15.607608795166016,"z":1.3651384115219117},"rotation":{"x":-0.45729851722717287,"y":-0.5478174090385437,"z":0.46792569756507876,"w":-0.522929847240448},"size":10.643407821655274,"orthographic":false}