{"cameraMode":{"drawMode":0,"name":"Shaded","section":"Shading Mode"},"sceneLighting":false,"audioPlay":false,"sceneViewState":{"showFog":true,"showMaterialUpdate":true,"showSkybox":false,"showFlares":true,"showImageEffects":true,"showParticleSystems":true},"in2DMode":false,"pivot":{"x":326.0899963378906,"y":218.10305786132813,"z":-795.8618774414063},"rotation":{"x":-0.06327325850725174,"y":-0.003898311872035265,"z":0.00010691157513065264,"w":-0.9980664849281311},"size":82.3792724609375,"orthographic":false}