{"cameraMode":{"drawMode":0,"name":"Shaded","section":"Shading Mode"},"sceneLighting":true,"audioPlay":false,"sceneViewState":{"showFog":true,"showMaterialUpdate":true,"showSkybox":true,"showFlares":true,"showImageEffects":true,"showParticleSystems":true},"in2DMode":false,"pivot":{"x":-9.831771850585938,"y":-23.003467559814454,"z":5.883204936981201},"rotation":{"x":-0.6065496802330017,"y":-0.0002803172101266682,"z":-0.004410282708704472,"w":-0.7957216501235962},"size":102.3936767578125,"orthographic":false}