{"cameraMode":{"drawMode":0,"name":"Shaded","section":"Shading Mode"},"sceneLighting":true,"audioPlay":false,"sceneViewState":{"showFog":true,"showMaterialUpdate":true,"showSkybox":true,"showFlares":true,"showImageEffects":true,"showParticleSystems":true},"in2DMode":false,"pivot":{"x":0.2879456579685211,"y":1.7554830312728882,"z":3.7184977531433107},"rotation":{"x":0.004776152782142162,"y":0.9839838743209839,"z":-0.17632336914539338,"w":0.026878030970692636},"size":3.561661720275879,"orthographic":false}