{"cameraMode":{"drawMode":0,"name":"Shaded","section":"Shading Mode"},"sceneLighting":false,"audioPlay":false,"sceneViewState":{"showFog":true,"showMaterialUpdate":true,"showSkybox":false,"showFlares":true,"showImageEffects":true,"showParticleSystems":true},"in2DMode":false,"pivot":{"x":0.32116103172302248,"y":1.498579978942871,"z":1.8595685958862305},"rotation":{"x":0.14281190931797028,"y":0.704724133014679,"z":-0.14822596311569215,"w":0.6789883971214294},"size":2.497257709503174,"orthographic":false}