{"cameraMode":{"drawMode":0,"name":"Shaded","section":"Shading Mode"},"sceneLighting":false,"audioPlay":false,"sceneViewState":{"showFog":true,"showMaterialUpdate":true,"showSkybox":false,"showFlares":true,"showImageEffects":true,"showParticleSystems":true},"in2DMode":false,"pivot":{"x":4.996837615966797,"y":-15.660975456237793,"z":-1.4140534400939942},"rotation":{"x":-0.45907363295555117,"y":-0.5457450747489929,"z":0.5191388726234436,"w":-0.4724756181240082},"size":8.68727970123291,"orthographic":false}