{"cameraMode":{"drawMode":0,"name":"Shaded","section":"Shading Mode"},"sceneLighting":false,"audioPlay":false,"sceneViewState":{"showFog":true,"showMaterialUpdate":true,"showSkybox":false,"showFlares":true,"showImageEffects":true,"showParticleSystems":true},"in2DMode":false,"pivot":{"x":-3.618525505065918,"y":-12.380282402038575,"z":-2.3882439136505129},"rotation":{"x":-0.18238191306591035,"y":0.6632145643234253,"z":-0.1808442622423172,"w":-0.7038997411727905},"size":8.962488174438477,"orthographic":false}