{"cameraMode":{"drawMode":0,"name":"Shaded","section":"Shading Mode"},"sceneLighting":true,"audioPlay":false,"sceneViewState":{"showFog":true,"showMaterialUpdate":true,"showSkybox":true,"showFlares":true,"showImageEffects":true,"showParticleSystems":true},"in2DMode":false,"pivot":{"x":434.9485778808594,"y":237.49215698242188,"z":16.29022216796875},"rotation":{"x":-0.0018090223893523217,"y":0.012597117573022843,"z":-0.000024508977730874904,"w":-0.9999305605888367},"size":624.7160034179688,"orthographic":false}