{"cameraMode":{"drawMode":0,"name":"Shaded","section":"Shading Mode"},"sceneLighting":false,"audioPlay":false,"sceneViewState":{"showFog":true,"showMaterialUpdate":true,"showSkybox":false,"showFlares":true,"showImageEffects":true,"showParticleSystems":true},"in2DMode":false,"pivot":{"x":1.7035489082336426,"y":-15.079033851623536,"z":2.1229395866394045},"rotation":{"x":-0.44042444229125979,"y":-0.5591356158256531,"z":0.4340594708919525,"w":-0.5537410378456116},"size":10.643407821655274,"orthographic":false}