{"cameraMode":{"drawMode":0,"name":"Shaded","section":"Shading Mode"},"sceneLighting":true,"audioPlay":false,"sceneViewState":{"showFog":true,"showMaterialUpdate":false,"showSkybox":true,"showFlares":true,"showImageEffects":true,"showParticleSystems":true},"in2DMode":false,"pivot":{"x":-0.6800003051757813,"y":1.0,"z":-27.090003967285158},"rotation":{"x":0.32082778215408327,"y":0.06102857366204262,"z":-0.020721623674035074,"w":0.9449433088302612},"size":10.01874828338623,"orthographic":false}