{"cameraMode":{"drawMode":0,"name":"Shaded","section":"Shading Mode"},"sceneLighting":true,"audioPlay":false,"sceneViewState":{"showFog":true,"showMaterialUpdate":false,"showSkybox":true,"showFlares":true,"showImageEffects":true,"showParticleSystems":true},"in2DMode":false,"pivot":{"x":5.6394219398498539,"y":8.242498397827149,"z":-20.161476135253908},"rotation":{"x":-0.2777157723903656,"y":0.07540836185216904,"z":-0.02187238819897175,"w":-0.9574532508850098},"size":38.31541061401367,"orthographic":false}