{"cameraMode":{"drawMode":0,"name":"Shaded","section":"Shading Mode"},"sceneLighting":true,"audioPlay":false,"sceneViewState":{"showFog":true,"showMaterialUpdate":false,"showSkybox":true,"showFlares":true,"showImageEffects":true,"showParticleSystems":true},"in2DMode":false,"pivot":{"x":2.538113594055176,"y":7.112485885620117,"z":-7.516852855682373},"rotation":{"x":-0.6320856809616089,"y":-0.009997687302529812,"z":0.008156117983162403,"w":-0.7747906446456909},"size":35.37382125854492,"orthographic":false}