{"cameraMode":{"drawMode":0,"name":"Shaded","section":"Shading Mode"},"sceneLighting":false,"audioPlay":false,"sceneViewState":{"showFog":true,"showMaterialUpdate":false,"showSkybox":false,"showFlares":true,"showImageEffects":true,"showParticleSystems":true},"in2DMode":false,"pivot":{"x":-0.024807333946228029,"y":0.8969508409500122,"z":-0.11298254132270813},"rotation":{"x":0.10601161420345307,"y":-0.013077222742140293,"z":0.0013978846836835147,"w":0.9943032264709473},"size":4.240541458129883,"orthographic":false}