{"cameraMode":{"drawMode":0,"name":"Shaded","section":"Shading Mode"},"sceneLighting":false,"audioPlay":false,"sceneViewState":{"showFog":true,"showMaterialUpdate":true,"showSkybox":false,"showFlares":true,"showImageEffects":true,"showParticleSystems":true},"in2DMode":false,"pivot":{"x":459.93634033203127,"y":300.28204345703127,"z":-795.5734252929688},"rotation":{"x":-0.21304069459438325,"y":0.48754632472991946,"z":-0.13283409178256989,"w":-0.8369967341423035},"size":49.89723205566406,"orthographic":false}