{"cameraMode":{"drawMode":0,"name":"Shaded","section":"Shading Mode"},"sceneLighting":false,"audioPlay":false,"sceneViewState":{"showFog":true,"showMaterialUpdate":true,"showSkybox":false,"showFlares":true,"showImageEffects":true,"showParticleSystems":true},"in2DMode":false,"pivot":{"x":0.14399999380111695,"y":0.8491371870040894,"z":0.7191346883773804},"rotation":{"x":0.18388503789901734,"y":-0.17064319550991059,"z":0.032640490680933,"w":0.9677459001541138},"size":5.104985237121582,"orthographic":false}