{"cameraMode":{"drawMode":0,"name":"Shaded","section":"Shading Mode"},"sceneLighting":false,"audioPlay":false,"sceneViewState":{"showFog":true,"showMaterialUpdate":true,"showSkybox":false,"showFlares":true,"showImageEffects":true,"showParticleSystems":true},"in2DMode":false,"pivot":{"x":0.9562826156616211,"y":1.5965651273727418,"z":1.8219679594039918},"rotation":{"x":-0.05768338963389397,"y":-0.5416810512542725,"z":0.03235796093940735,"w":-0.8389572501182556},"size":2.669978380203247,"orthographic":false}