{"cameraMode":{"drawMode":0,"name":"Shaded","section":"Shading Mode"},"sceneLighting":true,"audioPlay":false,"sceneViewState":{"showFog":true,"showMaterialUpdate":true,"showSkybox":false,"showFlares":true,"showImageEffects":true,"showParticleSystems":true},"in2DMode":false,"pivot":{"x":-9.791275978088379,"y":-489.562744140625,"z":369.2383117675781},"rotation":{"x":0.4475023150444031,"y":-0.003473457880318165,"z":0.0023990573827177288,"w":0.8946464657783508},"size":639.6614379882813,"orthographic":false}