{"cameraMode":{"drawMode":0,"name":"Shaded","section":"Shading Mode"},"sceneLighting":false,"audioPlay":false,"sceneViewState":{"showFog":true,"showMaterialUpdate":true,"showSkybox":false,"showFlares":true,"showImageEffects":true,"showParticleSystems":true},"in2DMode":false,"pivot":{"x":-9.450004577636719,"y":3.255002975463867,"z":2.4015769958496095},"rotation":{"x":-0.019521469250321389,"y":0.0022738329134881498,"z":-0.0037577725015580656,"w":-1.0007340908050538},"size":136.55032348632813,"orthographic":false}