{"cameraMode":{"drawMode":0,"name":"Shaded","section":"Shading Mode"},"sceneLighting":false,"audioPlay":false,"sceneViewState":{"showFog":true,"showMaterialUpdate":true,"showSkybox":false,"showFlares":true,"showImageEffects":true,"showParticleSystems":true},"in2DMode":false,"pivot":{"x":0.8849103450775147,"y":1.4349746704101563,"z":1.5202171802520753},"rotation":{"x":-0.2461584359407425,"y":-0.6703303456306458,"z":0.24673819541931153,"w":-0.6558510065078735},"size":3.7886464595794679,"orthographic":false}