{"cameraMode":{"drawMode":0,"name":"Shaded","section":"Shading Mode"},"sceneLighting":false,"audioPlay":false,"sceneViewState":{"showFog":true,"showMaterialUpdate":true,"showSkybox":false,"showFlares":true,"showImageEffects":true,"showParticleSystems":true},"in2DMode":false,"pivot":{"x":-0.08565998077392578,"y":0.3027421236038208,"z":-0.18939119577407838},"rotation":{"x":-0.10164874792098999,"y":0.24073341488838197,"z":-0.032019756734371188,"w":-0.9654501676559448},"size":2.140397310256958,"orthographic":false}