{"cameraMode":{"drawMode":0,"name":"Shaded","section":"Shading Mode"},"sceneLighting":false,"audioPlay":false,"sceneViewState":{"showFog":true,"showMaterialUpdate":true,"showSkybox":false,"showFlares":true,"showImageEffects":true,"showParticleSystems":true},"in2DMode":false,"pivot":{"x":933.931884765625,"y":530.3743896484375,"z":4.9007415771484379},"rotation":{"x":0.04487171024084091,"y":-0.026507513597607614,"z":0.0065834554843604568,"w":0.9994021058082581},"size":64.82137298583985,"orthographic":false}