{"cameraMode":{"drawMode":0,"name":"Shaded","section":"Shading Mode"},"sceneLighting":false,"audioPlay":false,"sceneViewState":{"showFog":true,"showMaterialUpdate":true,"showSkybox":false,"showFlares":true,"showImageEffects":true,"showParticleSystems":true},"in2DMode":false,"pivot":{"x":158.59686279296876,"y":319.78521728515627,"z":13.618391036987305},"rotation":{"x":-0.12641705572605134,"y":0.6893343925476074,"z":-0.12515774369239808,"w":-0.702506959438324},"size":491.0890197753906,"orthographic":false}