{"cameraMode":{"drawMode":0,"name":"Shaded","section":"Shading Mode"},"sceneLighting":false,"audioPlay":false,"sceneViewState":{"showFog":true,"showMaterialUpdate":true,"showSkybox":false,"showFlares":true,"showImageEffects":true,"showParticleSystems":true},"in2DMode":false,"pivot":{"x":132.5771026611328,"y":84.36997985839844,"z":-59.320011138916019},"rotation":{"x":-0.3333314061164856,"y":-0.1432122439146042,"z":0.05052325874567032,"w":-0.9306894540786743},"size":67.07579040527344,"orthographic":false}