{"cameraMode":{"drawMode":0,"name":"Shaded","section":"Shading Mode"},"sceneLighting":false,"audioPlay":false,"sceneViewState":{"showFog":true,"showMaterialUpdate":true,"showSkybox":false,"showFlares":true,"showImageEffects":true,"showParticleSystems":true},"in2DMode":false,"pivot":{"x":-284.8804626464844,"y":-181.31422424316407,"z":-44.51690673828125},"rotation":{"x":0.18853715062141419,"y":-0.7227295637130737,"z":0.22065266966819764,"w":0.6279988288879395},"size":372.27374267578127,"orthographic":false}