{"cameraMode":{"drawMode":0,"name":"Shaded","section":"Shading Mode"},"sceneLighting":false,"audioPlay":false,"sceneViewState":{"showFog":true,"showMaterialUpdate":true,"showSkybox":false,"showFlares":true,"showImageEffects":true,"showParticleSystems":true},"in2DMode":false,"pivot":{"x":377.37530517578127,"y":207.876708984375,"z":-31.442337036132814},"rotation":{"x":0.04205671697854996,"y":0.008460449054837227,"z":-0.0050055645406246189,"w":-1.0000110864639283},"size":35.00178527832031,"orthographic":false}