{"cameraMode":{"drawMode":0,"name":"Shaded","section":"Shading Mode"},"sceneLighting":false,"audioPlay":false,"sceneViewState":{"showFog":true,"showMaterialUpdate":true,"showSkybox":false,"showFlares":true,"showImageEffects":true,"showParticleSystems":true},"in2DMode":false,"pivot":{"x":0.14378750324249268,"y":1.5099999904632569,"z":1.5},"rotation":{"x":-0.2461584359407425,"y":-0.6703303456306458,"z":0.24673819541931153,"w":-0.6558510065078735},"size":4.139764785766602,"orthographic":false}