{"cameraMode":{"drawMode":0,"name":"Shaded","section":"Shading Mode"},"sceneLighting":false,"audioPlay":false,"sceneViewState":{"showFog":true,"showMaterialUpdate":true,"showSkybox":false,"showFlares":true,"showImageEffects":true,"showParticleSystems":true},"in2DMode":false,"pivot":{"x":0.07975000143051148,"y":0.9800000190734863,"z":0.5609999895095825},"rotation":{"x":-0.04938932880759239,"y":-0.7211432456970215,"z":0.046569645404815677,"w":-0.690147876739502},"size":4.870311737060547,"orthographic":false}