{"cameraMode":{"drawMode":0,"name":"Shaded","section":"Shading Mode"},"sceneLighting":false,"audioPlay":false,"sceneViewState":{"showFog":true,"showMaterialUpdate":true,"showSkybox":false,"showFlares":true,"showImageEffects":true,"showParticleSystems":true},"in2DMode":false,"pivot":{"x":0.0,"y":0.7500000596046448,"z":-5.960464477539063e-8},"rotation":{"x":-0.18383830785751344,"y":0.00469953054562211,"z":-0.004512366838753223,"w":-0.9834812879562378},"size":10.952582359313965,"orthographic":false}