{"cameraMode":{"drawMode":0,"name":"Shaded","section":"Shading Mode"},"sceneLighting":false,"audioPlay":false,"sceneViewState":{"showFog":true,"showMaterialUpdate":false,"showSkybox":false,"showFlares":true,"showImageEffects":true,"showParticleSystems":true},"in2DMode":false,"pivot":{"x":5.518073558807373,"y":0.1167755275964737,"z":-5.721381187438965},"rotation":{"x":0.3653623163700104,"y":-0.1365649253129959,"z":0.05452197417616844,"w":0.9193455576896668},"size":0.4817097783088684,"orthographic":false}