{"cameraMode":{"drawMode":0,"name":"Shaded","section":"Shading Mode"},"sceneLighting":false,"audioPlay":false,"sceneViewState":{"showFog":true,"showMaterialUpdate":true,"showSkybox":false,"showFlares":true,"showImageEffects":true,"showParticleSystems":true},"in2DMode":false,"pivot":{"x":-0.06860919296741486,"y":0.17775820195674897,"z":-0.1854264736175537},"rotation":{"x":-0.33065393567085268,"y":-0.07048837095499039,"z":0.023704243823885919,"w":-0.9410731196403503},"size":5.021631717681885,"orthographic":false}