{"cameraMode":{"drawMode":0,"name":"Shaded","section":"Shading Mode"},"sceneLighting":false,"audioPlay":false,"sceneViewState":{"showFog":true,"showMaterialUpdate":false,"showSkybox":false,"showFlares":true,"showImageEffects":true,"showParticleSystems":true},"in2DMode":false,"pivot":{"x":0.11448562145233154,"y":-0.21310549974441529,"z":-0.004401087760925293},"rotation":{"x":0.050873298197984698,"y":-0.9434535503387451,"z":0.17199091613292695,"w":0.2792227864265442},"size":3.664804697036743,"orthographic":false}