{"cameraMode":{"drawMode":0,"name":"Shaded","section":"Shading Mode"},"sceneLighting":false,"audioPlay":false,"sceneViewState":{"showFog":true,"showMaterialUpdate":false,"showSkybox":false,"showFlares":true,"showImageEffects":true,"showParticleSystems":true},"in2DMode":false,"pivot":{"x":4.184999942779541,"y":0.1167755275964737,"z":-5.868037700653076},"rotation":{"x":-0.004513733554631472,"y":-0.9759756922721863,"z":0.21754200756549836,"w":-0.020779652521014215},"size":0.481709748506546,"orthographic":false}