{"cameraMode":{"drawMode":0,"name":"Shaded","section":"Shading Mode"},"sceneLighting":false,"audioPlay":false,"sceneViewState":{"showFog":true,"showMaterialUpdate":true,"showSkybox":false,"showFlares":true,"showImageEffects":true,"showParticleSystems":true},"in2DMode":false,"pivot":{"x":0.3399379551410675,"y":0.27027249336242678,"z":-0.025563061237335206},"rotation":{"x":-0.4541366398334503,"y":-0.019160639494657518,"z":0.0050485688261687759,"w":-0.8916193246841431},"size":6.60072135925293,"orthographic":false}