{"cameraMode":{"drawMode":0,"name":"Shaded","section":"Shading Mode"},"sceneLighting":false,"audioPlay":false,"sceneViewState":{"showFog":true,"showMaterialUpdate":true,"showSkybox":false,"showFlares":true,"showImageEffects":true,"showParticleSystems":true},"in2DMode":false,"pivot":{"x":228.89944458007813,"y":226.59027099609376,"z":16.57379150390625},"rotation":{"x":-0.1363912969827652,"y":0.009450363926589489,"z":-0.0016332856612280012,"w":-0.990728497505188},"size":922.841796875,"orthographic":false}