{"cameraMode":{"drawMode":0,"name":"Shaded","section":"Shading Mode"},"sceneLighting":false,"audioPlay":false,"sceneViewState":{"showFog":true,"showMaterialUpdate":true,"showSkybox":false,"showFlares":true,"showImageEffects":true,"showParticleSystems":true},"in2DMode":false,"pivot":{"x":329.87713623046877,"y":258.81048583984377,"z":-14.19500732421875},"rotation":{"x":-0.3333314061164856,"y":-0.1432122439146042,"z":0.05052325874567032,"w":-0.9306894540786743},"size":140.21653747558595,"orthographic":false}