{"cameraMode":{"drawMode":0,"name":"Shaded","section":"Shading Mode"},"sceneLighting":false,"audioPlay":false,"sceneViewState":{"showFog":true,"showMaterialUpdate":true,"showSkybox":false,"showFlares":true,"showImageEffects":true,"showParticleSystems":true},"in2DMode":false,"pivot":{"x":676.5223388671875,"y":352.86065673828127,"z":-65.98533630371094},"rotation":{"x":0.009583516046404839,"y":0.11263623833656311,"z":0.004473141860216856,"w":0.9943735599517822},"size":34.17649459838867,"orthographic":false}