{"cameraMode":{"drawMode":0,"name":"Shaded","section":"Shading Mode"},"sceneLighting":false,"audioPlay":false,"sceneViewState":{"showFog":true,"showMaterialUpdate":true,"showSkybox":false,"showFlares":true,"showImageEffects":true,"showParticleSystems":true},"in2DMode":false,"pivot":{"x":500.82000732421877,"y":235.72000122070313,"z":-7.130000591278076},"rotation":{"x":-0.12641705572605134,"y":0.6893343925476074,"z":-0.12515774369239808,"w":-0.702506959438324},"size":67.36697387695313,"orthographic":false}