{"cameraMode":{"drawMode":0,"name":"Shaded","section":"Shading Mode"},"sceneLighting":true,"audioPlay":false,"sceneViewState":{"showFog":true,"showMaterialUpdate":true,"showSkybox":true,"showFlares":true,"showImageEffects":true,"showParticleSystems":true},"in2DMode":false,"pivot":{"x":2.4380850791931154,"y":3.911510944366455,"z":-11.84538459777832},"rotation":{"x":-0.3938717842102051,"y":-0.23025189340114594,"z":0.10191033780574799,"w":-0.884469747543335},"size":10.611760139465332,"orthographic":false}