{"cameraMode":{"drawMode":0,"name":"Shaded","section":"Shading Mode"},"sceneLighting":false,"audioPlay":false,"sceneViewState":{"showFog":true,"showMaterialUpdate":true,"showSkybox":false,"showFlares":true,"showImageEffects":true,"showParticleSystems":true},"in2DMode":false,"pivot":{"x":158.59686279296876,"y":319.78521728515627,"z":13.618391036987305},"rotation":{"x":-0.3333314061164856,"y":-0.1432122439146042,"z":0.05052325874567032,"w":-0.9306894540786743},"size":92.20217895507813,"orthographic":false}