{"cameraMode":{"drawMode":0,"name":"Shaded","section":"Shading Mode"},"sceneLighting":false,"audioPlay":false,"sceneViewState":{"showFog":true,"showMaterialUpdate":true,"showSkybox":false,"showFlares":true,"showImageEffects":true,"showParticleSystems":true},"in2DMode":false,"pivot":{"x":426.5899963378906,"y":274.6030578613281,"z":-795.8618774414063},"rotation":{"x":-0.15421344339847566,"y":0.009326968342065812,"z":-0.00241275317966938,"w":-0.9882305860519409},"size":42.77720642089844,"orthographic":false}