{"cameraMode":{"drawMode":0,"name":"Shaded","section":"Shading Mode"},"sceneLighting":false,"audioPlay":false,"sceneViewState":{"showFog":true,"showMaterialUpdate":true,"showSkybox":false,"showFlares":true,"showImageEffects":true,"showParticleSystems":true},"in2DMode":false,"pivot":{"x":81.92047882080078,"y":297.20745849609377,"z":-118.82196044921875},"rotation":{"x":-0.10149743407964707,"y":0.02652137726545334,"z":0.0027596396394073965,"w":0.994666337966919},"size":46.66904830932617,"orthographic":false}