{"cameraMode":{"drawMode":0,"name":"Shaded","section":"Shading Mode"},"sceneLighting":false,"audioPlay":false,"sceneViewState":{"showFog":true,"showMaterialUpdate":true,"showSkybox":false,"showFlares":true,"showImageEffects":true,"showParticleSystems":true},"in2DMode":false,"pivot":{"x":-1.048490047454834,"y":-11.10317611694336,"z":-4.478168964385986},"rotation":{"x":-0.26713237166404726,"y":0.4828220009803772,"z":-0.16571994125843049,"w":-0.8181399703025818},"size":6.007812023162842,"orthographic":false}