{"cameraMode":{"drawMode":0,"name":"Shaded","section":"Shading Mode"},"sceneLighting":false,"audioPlay":false,"sceneViewState":{"showFog":true,"showMaterialUpdate":true,"showSkybox":false,"showFlares":true,"showImageEffects":true,"showParticleSystems":true},"in2DMode":false,"pivot":{"x":0.6409639120101929,"y":0.021135807037353517,"z":0.6900870203971863},"rotation":{"x":-0.6464941501617432,"y":-0.2783772945404053,"z":0.26729828119277956,"w":-0.6593335866928101},"size":6.162854194641113,"orthographic":false}