{"cameraMode":{"drawMode":0,"name":"Shaded","section":"Shading Mode"},"sceneLighting":false,"audioPlay":false,"sceneViewState":{"showFog":true,"showMaterialUpdate":true,"showSkybox":false,"showFlares":true,"showImageEffects":true,"showParticleSystems":true},"in2DMode":false,"pivot":{"x":0.14374995231628419,"y":1.5099999904632569,"z":1.6499998569488526},"rotation":{"x":-0.7248460650444031,"y":-0.012128610163927079,"z":0.006913281977176666,"w":-0.6899428963661194},"size":9.786825180053711,"orthographic":false}