{"cameraMode":{"drawMode":0,"name":"Shaded","section":"Shading Mode"},"sceneLighting":false,"audioPlay":false,"sceneViewState":{"showFog":true,"showMaterialUpdate":true,"showSkybox":false,"showFlares":true,"showImageEffects":true,"showParticleSystems":true},"in2DMode":false,"pivot":{"x":340.5,"y":176.1294708251953,"z":-24.044578552246095},"rotation":{"x":-0.3333314061164856,"y":-0.1432122439146042,"z":0.05052325874567032,"w":-0.9306894540786743},"size":282.94390869140627,"orthographic":false}