{"cameraMode":{"drawMode":0,"name":"Shaded","section":"Shading Mode"},"sceneLighting":false,"audioPlay":false,"sceneViewState":{"showFog":true,"showMaterialUpdate":true,"showSkybox":false,"showFlares":true,"showImageEffects":true,"showParticleSystems":true},"in2DMode":false,"pivot":{"x":-0.03152257204055786,"y":1.3088277578353882,"z":-0.057947516441345218},"rotation":{"x":0.6698550581932068,"y":-0.012425683438777924,"z":0.015930507332086564,"w":0.7428959012031555},"size":6.538939952850342,"orthographic":false}