{"cameraMode":{"drawMode":0,"name":"Shaded","section":"Shading Mode"},"sceneLighting":true,"audioPlay":false,"sceneViewState":{"showFog":true,"showMaterialUpdate":true,"showSkybox":false,"showFlares":true,"showImageEffects":true,"showParticleSystems":true},"in2DMode":false,"pivot":{"x":0.8377189636230469,"y":5.852592468261719,"z":0.20882034301757813},"rotation":{"x":-0.38880717754364016,"y":-0.009266655892133713,"z":0.0035514095798134805,"w":-0.9213769435882568},"size":560.969970703125,"orthographic":false}