{"cameraMode":{"drawMode":0,"name":"Shaded","section":"Shading Mode"},"sceneLighting":false,"audioPlay":false,"sceneViewState":{"showFog":true,"showMaterialUpdate":true,"showSkybox":false,"showFlares":true,"showImageEffects":true,"showParticleSystems":true},"in2DMode":false,"pivot":{"x":-9.34999942779541,"y":3.255000114440918,"z":-0.3549995422363281},"rotation":{"x":0.6303064823150635,"y":0.04735986143350601,"z":-0.03508027270436287,"w":0.7747234106063843},"size":51.685794830322269,"orthographic":false}