{"cameraMode":{"drawMode":0,"name":"Shaded","section":"Shading Mode"},"sceneLighting":false,"audioPlay":false,"sceneViewState":{"showFog":true,"showMaterialUpdate":true,"showSkybox":false,"showFlares":true,"showImageEffects":true,"showParticleSystems":true},"in2DMode":false,"pivot":{"x":939.2999877929688,"y":526.5999755859375,"z":0.0},"rotation":{"x":0.04487171024084091,"y":-0.026507513597607614,"z":0.0065834554843604568,"w":0.9994021058082581},"size":61.915000915527347,"orthographic":false}