{"cameraMode":{"drawMode":0,"name":"Shaded","section":"Shading Mode"},"sceneLighting":false,"audioPlay":false,"sceneViewState":{"showFog":true,"showMaterialUpdate":true,"showSkybox":false,"showFlares":true,"showImageEffects":true,"showParticleSystems":true},"in2DMode":false,"pivot":{"x":325.42999267578127,"y":197.32000732421876,"z":-834.7000122070313},"rotation":{"x":0.23647092282772065,"y":0.005798629019409418,"z":0.0007153812912292779,"w":0.972527801990509},"size":26.465099334716798,"orthographic":false}