{"cameraMode":{"drawMode":0,"name":"Shaded","section":"Shading Mode"},"sceneLighting":false,"audioPlay":false,"sceneViewState":{"showFog":true,"showMaterialUpdate":true,"showSkybox":false,"showFlares":true,"showImageEffects":true,"showParticleSystems":true},"in2DMode":false,"pivot":{"x":0.3224523067474365,"y":0.7565693855285645,"z":1.3443152904510499},"rotation":{"x":-0.09867081046104431,"y":-0.7944978475570679,"z":0.1281196027994156,"w":-0.5861629247665405},"size":5.763614654541016,"orthographic":false}