{"cameraMode":{"drawMode":0,"name":"Shaded","section":"Shading Mode"},"sceneLighting":false,"audioPlay":false,"sceneViewState":{"showFog":true,"showMaterialUpdate":true,"showSkybox":false,"showFlares":true,"showImageEffects":true,"showParticleSystems":true},"in2DMode":false,"pivot":{"x":426.8747863769531,"y":257.6690979003906,"z":-836.2271118164063},"rotation":{"x":0.08720895648002625,"y":0.005607470870018005,"z":-0.000835731509141624,"w":0.9963408708572388},"size":29.745939254760743,"orthographic":false}